speed,tension,temperature,load,vibration,motor_current,acoustic,em_signal,damage_risk,failure_within_30d,damage_type,severity,health_grade,tension_speed_ratio,temp_load_ratio,vibration_current_ratio
5.38,88.3,41.17,1812.0,1.78,154.65,64.92,0.28,17.7,0,none,low,B,16.42,22.72,1.15
5.42,90.81,32.67,1864.0,1.92,174.34,57.07,0.23,7.28,0,none,low,A,16.74,17.53,1.1
3.35,77.3,36.06,2412.0,4.93,165.97,56.83,0.278,1.16,0,none,low,A,23.08,14.95,2.97
3.43,71.63,48.88,3431.0,5.04,174.37,47.25,0.305,11.0,0,none,low,B,20.9,14.24,2.89
4.24,70.86,48.01,2018.0,4.31,174.94,56.96,0.264,4.62,0,none,low,A,16.72,23.79,2.47
2.85,126.84,74.95,1906.0,9.8,263.72,75.9,0.663,74.77,1,tear,critical,F,44.53,39.32,3.71
1.19,108.89,64.13,819.0,12.81,277.64,80.87,0.507,67.56,1,splice_failure,high,D,91.5,78.33,4.61
3.9,72.9,46.99,2747.0,2.65,155.08,52.15,0.198,18.24,0,none,low,B,18.71,17.11,1.71
5.22,81.81,30.63,2926.0,4.8,194.9,62.73,0.248,13.07,0,none,low,B,15.68,10.47,2.46
3.06,72.7,28.69,2773.0,2.57,190.69,65.87,0.175,10.26,0,none,low,B,23.73,10.35,1.35
2.65,93.69,48.22,3859.0,9.04,238.0,75.69,0.541,31.53,1,splice_wear,medium,C,35.3,12.5,3.8
1.3,103.3,65.7,1313.0,16.36,310.25,75.14,0.755,75.86,1,splice_failure,critical,F,79.77,50.05,5.27
3.42,75.47,40.28,2308.0,1.32,170.31,50.68,0.309,17.81,0,none,low,B,22.06,17.45,0.78
5.49,76.67,49.49,2322.0,1.17,177.61,59.59,0.304,13.27,0,none,low,B,13.95,21.31,0.66
4.38,84.82,29.78,2239.0,2.21,214.25,55.82,0.395,9.97,0,none,low,A,19.35,13.3,1.03
0.88,115.25,77.4,1830.0,11.93,265.42,89.22,0.905,73.25,0,tear,high,F,131.44,42.29,4.5
5.34,73.44,35.5,1727.0,5.62,220.19,50.93,0.298,20.43,0,none,low,B,13.75,20.56,2.55
4.32,76.05,30.05,3294.0,5.5,200.65,52.8,0.205,18.15,0,none,low,B,17.59,9.12,2.74
2.45,119.26,62.1,994.0,17.09,292.45,75.18,0.551,85.21,0,bearing_failure,critical,F,48.68,62.48,5.84
4.12,94.86,31.87,1536.0,3.47,164.31,53.43,0.323,18.02,0,none,low,B,23.02,20.75,2.11
4.36,82.72,42.0,2001.0,3.95,228.31,56.2,0.372,10.86,0,none,low,B,18.99,20.99,1.73
4.61,86.72,47.01,1960.0,3.5,195.76,62.68,0.113,24.86,0,none,low,B,18.8,23.98,1.79
3.7,92.09,44.45,3406.0,2.65,194.22,58.16,0.394,1.88,0,none,low,A,24.9,13.05,1.37
3.48,76.71,38.68,2245.0,2.97,217.54,66.39,0.121,5.22,0,none,low,A,22.06,17.22,1.37
3.9,76.35,34.5,2145.0,5.24,160.93,61.3,0.266,7.41,0,none,low,A,19.59,16.08,3.26
3.64,85.29,29.8,1510.0,4.14,165.54,46.63,0.219,1.27,0,none,low,A,23.43,19.73,2.5
3.66,98.15,58.44,2656.0,5.78,258.91,75.1,0.558,33.76,0,splice_wear,medium,C,26.83,22.0,2.23
3.82,90.7,33.97,3431.0,3.29,217.36,49.47,0.223,17.49,0,none,low,B,23.76,9.9,1.51
3.33,94.24,43.72,1582.0,2.99,184.68,62.11,0.175,4.61,0,none,low,A,28.28,27.63,1.62
4.07,87.21,29.28,3330.0,3.21,169.18,47.16,0.155,23.37,0,none,low,B,21.42,8.79,1.9
4.29,86.43,37.58,2960.0,1.24,195.28,48.65,0.136,8.55,0,none,low,A,20.14,12.7,0.63
3.24,77.79,49.55,1851.0,1.09,211.07,63.56,0.204,11.62,0,none,low,B,24.04,26.77,0.51
3.12,93.73,47.51,2022.0,1.08,224.67,56.52,0.262,17.1,0,none,low,B,30.04,23.5,0.48
5.36,93.61,47.08,2773.0,5.0,204.17,58.19,0.139,20.28,0,none,low,B,17.46,16.98,2.45
2.55,119.54,65.17,1129.0,10.93,276.41,75.78,0.809,72.79,1,tear,critical,F,46.86,57.73,3.95
5.04,77.05,30.6,2893.0,4.14,220.2,61.91,0.341,7.05,0,none,low,A,15.3,10.58,1.88
4.88,90.17,49.79,2325.0,2.86,212.11,52.84,0.379,21.46,0,none,low,B,18.49,21.41,1.35
4.88,88.86,30.27,3305.0,3.53,216.12,52.36,0.369,9.73,0,none,low,A,18.22,9.16,1.63
5.26,72.28,35.02,3400.0,5.75,195.88,59.53,0.235,7.33,0,none,low,A,13.73,10.3,2.94
4.68,88.81,45.41,3079.0,1.46,189.55,46.32,0.265,11.04,0,none,low,B,18.97,14.75,0.77
2.73,89.29,60.23,3236.0,5.51,205.05,72.62,0.322,53.77,1,abrasion,low,C,32.66,18.61,2.69
5.47,79.36,36.15,3126.0,5.74,228.88,62.33,0.213,2.09,0,none,low,A,14.52,11.57,2.51
1.56,127.19,62.78,1391.0,9.1,282.81,76.13,0.559,64.47,1,tear,high,D,81.5,45.13,3.22
4.0,81.94,29.82,2557.0,3.18,214.17,67.49,0.267,8.07,0,none,low,A,20.48,11.66,1.49
5.31,92.98,33.57,2891.0,1.38,163.3,49.99,0.188,24.9,0,none,low,B,17.5,11.61,0.84
3.96,88.43,48.14,3417.0,1.29,181.56,47.46,0.201,4.24,0,none,low,A,22.33,14.09,0.71
3.97,75.73,33.85,2221.0,2.3,186.26,45.74,0.184,10.28,0,none,low,B,19.07,15.24,1.23
3.68,73.33,29.68,3381.0,3.08,196.49,66.14,0.125,21.92,0,none,low,B,19.94,8.78,1.57
3.41,80.28,45.11,2461.0,5.93,180.14,62.24,0.218,20.73,0,none,low,B,23.53,18.33,3.29
3.16,70.92,30.94,1527.0,1.38,205.34,57.29,0.325,22.83,0,none,low,B,22.45,20.26,0.67
4.82,88.93,36.31,1982.0,2.03,170.12,51.32,0.162,21.96,0,none,low,B,18.47,18.32,1.19
3.04,85.67,54.96,2952.0,9.16,218.47,74.69,0.59,28.09,1,abrasion,medium,C,28.2,18.62,4.19
4.05,89.62,42.07,3110.0,5.52,199.38,67.55,0.282,15.92,0,none,low,B,22.12,13.53,2.77
3.23,88.16,40.04,2402.0,5.55,173.84,57.04,0.309,19.91,0,none,low,B,27.32,16.67,3.19
5.11,89.22,29.46,1592.0,4.1,177.79,49.81,0.274,8.54,0,none,low,A,17.48,18.51,2.31
4.15,84.62,36.81,2895.0,1.9,205.72,54.47,0.362,12.88,0,none,low,B,20.39,12.71,0.92
1.06,124.65,68.63,1217.0,9.29,288.41,85.69,0.678,93.98,0,joint_rupture,high,D,117.64,56.38,3.22
5.0,85.7,29.8,3247.0,5.6,154.89,51.37,0.342,18.71,0,none,low,B,17.14,9.18,3.62
3.52,79.26,38.66,2737.0,2.84,187.0,62.19,0.111,6.31,0,none,low,A,22.5,14.13,1.52
1.78,115.96,62.68,1337.0,13.79,266.97,80.38,0.689,60.76,1,splice_failure,critical,F,65.18,46.88,5.17
3.58,78.57,38.43,2210.0,4.24,188.37,58.44,0.321,13.94,0,none,low,B,21.93,17.39,2.25
4.41,79.47,35.42,3299.0,4.04,169.55,56.46,0.199,23.34,0,none,low,B,18.02,10.74,2.38
3.56,79.13,38.73,3202.0,1.44,214.47,46.28,0.353,1.29,0,none,low,A,22.21,12.1,0.67
4.74,94.93,47.73,2652.0,5.59,150.42,67.43,0.247,18.07,0,none,low,B,20.02,18.0,3.71
1.84,114.3,80.96,1046.0,17.71,299.77,78.99,0.868,80.13,1,joint_rupture,critical,F,62.2,77.4,5.91
3.39,82.03,39.72,1604.0,2.68,160.75,46.46,0.397,8.06,0,none,low,A,24.23,24.77,1.67
3.86,107.81,56.91,2943.0,7.06,220.93,76.73,0.549,58.78,0,splice_wear,low,C,27.91,19.34,3.2
3.95,93.16,43.88,1596.0,4.91,216.24,62.26,0.34,20.63,0,none,low,B,23.6,27.49,2.27
3.59,85.84,47.97,2132.0,3.94,204.64,55.39,0.314,22.49,0,none,low,B,23.92,22.5,1.93
4.35,80.97,40.7,2211.0,2.96,192.55,46.53,0.169,13.57,0,none,low,B,18.62,18.41,1.54
3.83,88.26,43.26,1833.0,5.39,189.63,62.05,0.272,24.94,0,none,low,B,23.03,23.6,2.84
2.45,104.29,65.11,1657.0,13.45,302.82,77.06,0.768,74.4,1,bearing_failure,critical,D,42.63,39.3,4.44
2.96,106.67,59.4,3282.0,8.47,232.56,64.53,0.404,31.36,1,edge_damage,medium,C,36.05,18.1,3.64
4.16,93.68,31.37,2672.0,3.53,198.92,45.42,0.362,23.3,0,none,low,B,22.55,11.74,1.77
4.74,93.06,43.56,1805.0,3.88,198.54,54.76,0.321,23.36,0,none,low,B,19.63,24.13,1.96
2.73,114.55,61.78,2249.0,9.6,252.19,69.34,0.477,38.97,0,abrasion,medium,C,42.01,27.47,3.81
3.17,96.95,55.75,3840.0,6.73,220.82,73.28,0.436,32.86,0,splice_wear,medium,C,30.61,14.52,3.05
4.25,80.47,48.13,2225.0,3.9,200.58,45.3,0.299,4.45,0,none,low,A,18.95,21.63,1.95
3.33,87.56,64.94,3004.0,7.98,204.02,73.5,0.363,56.43,0,abrasion,low,C,26.3,21.61,3.91
4.18,84.12,29.45,3051.0,3.27,191.95,55.14,0.22,13.99,0,none,low,B,20.12,9.65,1.7
3.45,91.54,48.81,2247.0,2.35,201.52,54.4,0.108,3.9,0,none,low,A,26.5,21.73,1.17
0.57,106.66,65.78,1606.0,9.18,257.29,91.0,0.589,84.8,1,joint_rupture,high,F,187.87,40.95,3.57
2.52,128.88,83.61,969.0,12.66,272.68,76.74,0.817,87.96,1,bearing_failure,high,D,51.2,86.26,4.64
4.05,92.32,45.98,2184.0,2.3,180.38,58.58,0.18,15.6,0,none,low,B,22.77,21.06,1.27
4.38,80.9,34.48,3397.0,4.82,161.21,64.97,0.246,22.36,0,none,low,B,18.47,10.15,2.99
2.54,93.06,55.83,3267.0,6.29,208.36,75.03,0.595,43.4,0,splice_wear,low,C,36.57,17.09,3.02
5.29,72.94,40.68,2048.0,3.77,202.11,64.08,0.162,0.27,0,none,low,A,13.8,19.86,1.87
5.25,91.85,41.14,2701.0,4.33,164.03,66.03,0.226,9.58,0,none,low,A,17.49,15.23,2.64
3.12,74.16,44.24,1666.0,4.02,169.63,53.95,0.187,8.89,0,none,low,A,23.79,26.56,2.37
3.63,99.28,58.27,3874.0,8.66,212.9,60.56,0.379,45.83,0,edge_damage,low,C,27.33,15.04,4.07
3.84,89.27,30.35,1650.0,4.64,189.64,60.83,0.23,6.16,0,none,low,A,23.27,18.39,2.45
2.24,108.16,74.76,1233.0,9.82,314.21,77.74,0.975,76.95,0,joint_rupture,critical,F,48.36,60.62,3.13
2.4,121.72,75.93,1977.0,17.13,295.27,88.86,0.526,85.46,0,bearing_failure,high,D,50.77,38.41,5.8
4.42,92.89,28.75,2895.0,2.49,223.95,67.33,0.383,11.86,0,none,low,B,21.02,9.93,1.11
1.3,124.87,60.93,1516.0,11.07,258.44,76.54,0.848,72.92,1,bearing_failure,high,D,96.22,40.2,4.28
2.15,122.14,73.0,1312.0,16.89,279.23,84.24,0.995,60.01,0,joint_rupture,critical,F,56.7,55.64,6.05
1.38,123.02,70.05,1376.0,14.65,311.16,94.68,0.884,75.88,1,tear,high,F,89.35,50.91,4.71
4.17,77.43,46.76,2931.0,3.95,172.18,65.94,0.114,2.74,0,none,low,A,18.57,15.95,2.29
3.31,93.91,45.56,2018.0,3.94,228.59,65.34,0.28,22.59,0,none,low,B,28.36,22.58,1.72
0.66,112.05,80.95,1077.0,16.48,258.42,75.94,0.692,61.4,1,bearing_failure,critical,D,169.14,75.18,6.38
5.42,92.09,48.41,3490.0,1.87,181.7,62.44,0.309,3.85,0,none,low,A,16.98,13.87,1.03
2.95,101.11,56.86,3160.0,5.46,252.65,64.78,0.339,56.11,1,edge_damage,low,C,34.3,17.99,2.16
5.33,88.38,34.19,2005.0,1.03,205.66,46.12,0.26,24.05,0,none,low,B,16.58,17.05,0.5
5.24,94.79,29.35,3266.0,3.58,222.52,58.14,0.299,13.59,0,none,low,B,18.1,8.99,1.61
1.8,126.04,66.13,989.0,10.44,273.38,79.77,0.965,64.02,1,bearing_failure,high,D,69.9,66.88,3.82
0.57,124.77,63.22,1202.0,15.69,261.25,91.36,0.916,79.28,0,bearing_failure,high,F,217.71,52.59,6.01
4.4,72.9,36.29,1518.0,5.09,160.28,51.52,0.106,10.81,0,none,low,B,16.57,23.9,3.18
2.86,107.61,60.78,2348.0,8.85,256.84,62.99,0.531,49.8,0,edge_damage,medium,C,37.64,25.89,3.45
5.13,94.75,42.87,2392.0,4.24,197.55,53.82,0.12,20.54,0,none,low,B,18.47,17.92,2.15
5.05,76.31,28.02,1818.0,3.34,225.54,47.35,0.356,13.18,0,none,low,B,15.12,15.42,1.48
4.18,108.18,49.6,2263.0,9.34,257.79,60.56,0.519,56.83,1,edge_damage,low,C,25.88,21.92,3.62
5.46,80.23,47.67,1960.0,2.07,152.49,59.99,0.211,21.61,0,none,low,B,14.69,24.32,1.35
5.42,74.64,47.11,3053.0,4.85,217.58,62.5,0.288,3.28,0,none,low,A,13.77,15.43,2.23
5.3,85.42,45.52,2463.0,1.59,160.01,60.77,0.229,5.01,0,none,low,A,16.11,18.48,0.99
3.16,84.55,33.92,3095.0,2.55,186.42,45.27,0.122,9.81,0,none,low,A,26.75,10.96,1.37
4.5,77.29,43.29,3220.0,4.9,153.17,56.05,0.131,6.05,0,none,low,A,17.18,13.44,3.2
3.5,103.54,59.05,3119.0,5.05,219.59,69.32,0.326,37.27,0,edge_damage,medium,C,29.6,18.93,2.3
5.44,75.02,43.25,3143.0,1.21,203.63,66.89,0.137,22.41,0,none,low,B,13.78,13.76,0.59
4.54,85.32,34.57,3370.0,5.74,200.02,63.02,0.284,12.11,0,none,low,B,18.79,10.26,2.87
4.38,84.94,45.24,2462.0,1.2,163.12,55.09,0.317,14.83,0,none,low,B,19.38,18.38,0.74
4.2,85.39,35.24,2440.0,4.72,219.75,54.97,0.113,4.04,0,none,low,A,20.34,14.44,2.15
4.63,78.31,39.93,2487.0,1.41,182.26,50.07,0.226,5.09,0,none,low,A,16.9,16.06,0.77
4.42,97.48,61.92,3258.0,8.68,246.06,69.09,0.463,42.99,0,edge_damage,low,C,22.05,19.01,3.53
4.52,84.94,45.45,2810.0,5.96,172.71,53.26,0.215,11.65,0,none,low,B,18.81,16.17,3.45
4.05,97.16,57.04,3265.0,6.86,230.76,67.43,0.321,40.3,0,abrasion,low,C,23.98,17.47,2.97
4.45,86.57,30.1,2804.0,2.56,181.92,64.73,0.103,14.71,0,none,low,B,19.46,10.73,1.41
3.99,75.93,33.16,3267.0,3.21,176.47,55.32,0.301,3.64,0,none,low,A,19.02,10.15,1.82
4.47,93.71,33.56,2219.0,2.9,198.44,53.2,0.26,19.54,0,none,low,B,20.97,15.13,1.46
4.23,101.74,55.8,2068.0,9.93,207.38,64.16,0.316,47.4,0,abrasion,low,C,24.06,26.98,4.79
3.26,84.62,43.14,2295.0,3.4,204.88,45.4,0.197,24.33,0,none,low,B,25.97,18.8,1.66
3.64,83.04,35.54,2564.0,1.63,160.62,48.3,0.382,18.32,0,none,low,B,22.84,13.86,1.01
3.47,88.27,31.44,1969.0,5.82,170.42,60.22,0.394,9.36,0,none,low,A,25.43,15.96,3.41
3.61,90.77,47.02,3037.0,1.57,213.64,66.13,0.28,23.52,0,none,low,B,25.14,15.48,0.73
1.94,110.46,63.98,1526.0,11.86,310.65,94.87,0.876,63.44,1,splice_failure,critical,F,56.85,41.93,3.82
3.82,86.69,45.77,3025.0,4.99,184.85,63.81,0.136,13.61,0,none,low,B,22.71,15.13,2.7
3.81,79.16,36.72,2891.0,2.94,185.9,50.46,0.212,5.68,0,none,low,A,20.77,12.7,1.58
4.51,86.71,41.63,2427.0,2.9,219.07,56.94,0.244,0.64,0,none,low,A,19.23,17.15,1.32
3.95,79.97,40.76,2567.0,4.04,211.19,63.7,0.315,23.89,0,none,low,B,20.24,15.88,1.91
3.49,70.19,42.24,3296.0,2.22,224.16,46.39,0.38,8.79,0,none,low,A,20.11,12.82,0.99
4.21,76.42,34.27,2115.0,5.02,193.13,52.16,0.283,17.9,0,none,low,B,18.13,16.21,2.6
4.03,73.05,31.99,2862.0,1.91,192.01,61.31,0.132,14.18,0,none,low,B,18.11,11.17,0.99
5.41,82.09,45.73,2600.0,1.22,200.65,66.88,0.28,20.48,0,none,low,B,15.18,17.59,0.61
2.92,103.33,53.22,3680.0,9.5,221.21,64.26,0.534,34.62,1,splice_wear,medium,C,35.34,14.46,4.29
0.87,112.72,63.82,1082.0,16.82,283.1,85.71,0.589,71.87,1,splice_failure,critical,D,128.93,58.97,5.94
3.98,84.86,38.93,3476.0,1.68,205.61,54.3,0.228,17.94,0,none,low,B,21.34,11.2,0.82
5.48,73.21,30.29,2949.0,3.89,171.93,46.83,0.126,22.35,0,none,low,B,13.36,10.27,2.26
3.81,75.67,35.81,1639.0,3.6,155.41,63.41,0.17,13.5,0,none,low,B,19.87,21.85,2.31
1.83,109.73,68.33,1603.0,17.95,296.33,86.16,0.865,77.68,0,bearing_failure,critical,F,59.88,42.61,6.06
2.39,105.11,70.24,1307.0,16.4,250.09,81.02,0.991,78.05,1,splice_failure,critical,D,44.03,53.73,6.56
5.48,93.18,39.88,3184.0,3.6,199.89,47.05,0.327,3.19,0,none,low,A,17.0,12.52,1.8
2.27,101.08,67.58,1116.0,12.24,256.13,93.74,0.777,71.61,1,splice_failure,critical,F,44.49,60.57,4.78
4.07,102.24,56.33,2782.0,7.51,223.83,69.72,0.488,48.6,0,edge_damage,medium,C,25.1,20.25,3.35
3.53,90.47,35.1,1546.0,1.77,167.89,67.02,0.272,23.32,0,none,low,B,25.63,22.7,1.05
4.2,77.84,41.34,1778.0,5.49,216.35,52.3,0.386,20.63,0,none,low,B,18.54,23.25,2.54
3.3,81.96,39.13,1965.0,1.4,212.14,47.81,0.278,23.41,0,none,low,B,24.8,19.91,0.66
4.2,85.01,45.35,3205.0,6.82,223.19,70.16,0.358,32.41,0,edge_damage,low,C,20.23,14.15,3.06
3.74,80.76,31.75,1649.0,4.91,171.23,49.09,0.307,15.45,0,none,low,B,21.57,19.25,2.87
3.57,75.82,32.86,1848.0,4.28,217.84,61.66,0.338,10.12,0,none,low,B,21.22,17.78,1.96
3.89,83.14,38.6,1854.0,2.94,227.11,50.72,0.14,10.46,0,none,low,B,21.4,20.82,1.29
2.2,105.69,75.47,1188.0,16.51,294.05,78.98,0.532,61.62,1,tear,critical,D,47.99,63.52,5.61
5.11,72.45,38.74,1800.0,2.62,208.99,55.95,0.213,9.86,0,none,low,A,14.18,21.52,1.26
4.96,92.3,49.02,3074.0,2.58,205.05,55.06,0.176,21.02,0,none,low,B,18.6,15.95,1.26
5.25,81.54,42.02,2819.0,5.48,200.93,59.12,0.12,12.96,0,none,low,B,15.52,14.91,2.73
4.84,82.81,42.97,1583.0,1.42,207.31,46.66,0.121,0.3,0,none,low,A,17.1,27.14,0.69
1.38,108.9,68.74,1730.0,14.95,262.96,78.48,0.549,85.09,1,bearing_failure,critical,F,78.73,39.75,5.69
4.29,92.47,45.21,1956.0,5.88,203.39,45.24,0.177,6.52,0,none,low,A,21.57,23.12,2.89
5.4,81.96,47.71,2144.0,1.63,187.95,47.62,0.246,23.01,0,none,low,B,15.18,22.25,0.87
4.54,73.92,28.96,1722.0,3.99,157.6,53.65,0.265,9.72,0,none,low,A,16.28,16.82,2.53
3.68,93.21,42.87,2492.0,1.06,229.39,60.44,0.195,21.98,0,none,low,B,25.3,17.2,0.46
4.36,85.9,32.86,3457.0,4.74,194.63,49.15,0.116,8.0,0,none,low,A,19.7,9.51,2.44
3.58,106.84,47.16,3371.0,5.46,257.91,68.79,0.345,36.98,0,abrasion,low,C,29.85,13.99,2.12
0.76,104.55,62.34,1493.0,16.89,280.37,78.22,0.779,90.85,1,splice_failure,high,F,136.69,41.77,6.03
4.0,90.0,32.49,2610.0,4.67,199.28,49.32,0.207,19.59,0,none,low,B,22.48,12.45,2.34
3.01,89.02,28.78,2991.0,2.01,226.65,53.46,0.198,3.72,0,none,low,A,29.55,9.62,0.89
5.19,94.91,36.1,2397.0,4.61,220.9,58.64,0.217,10.32,0,none,low,B,18.28,15.06,2.09
3.01,85.49,35.82,3088.0,1.46,197.06,56.06,0.293,1.62,0,none,low,A,28.42,11.6,0.74
4.4,84.02,41.28,2853.0,5.02,171.59,63.98,0.249,1.93,0,none,low,A,19.08,14.47,2.93
3.84,89.62,43.57,3077.0,3.59,185.22,48.39,0.198,10.85,0,none,low,B,23.37,14.16,1.94
3.55,84.96,44.18,3497.0,5.67,201.41,54.69,0.291,19.64,0,none,low,B,23.92,12.64,2.81
4.02,91.0,36.44,2644.0,3.94,164.76,53.33,0.2,0.65,0,none,low,A,22.61,13.79,2.39
5.08,76.83,39.4,2097.0,5.7,170.74,54.88,0.362,21.05,0,none,low,B,15.13,18.78,3.34
5.01,81.45,38.63,1767.0,1.4,208.24,56.42,0.231,18.24,0,none,low,B,16.27,21.86,0.67
3.72,89.06,60.03,3314.0,9.78,204.14,61.03,0.385,34.16,0,edge_damage,medium,C,23.94,18.11,4.79
3.36,110.34,50.36,2313.0,9.27,202.79,71.15,0.469,37.11,0,splice_wear,low,C,32.86,21.78,4.57
3.59,88.31,40.06,1756.0,5.41,181.48,64.04,0.336,15.61,0,none,low,B,24.59,22.82,2.98
5.45,73.62,43.95,1882.0,2.69,174.7,66.78,0.39,4.58,0,none,low,A,13.51,23.35,1.54
4.8,80.45,29.95,2868.0,3.73,228.44,50.23,0.221,13.56,0,none,low,B,16.76,10.45,1.63
2.03,106.78,81.17,1314.0,10.27,296.49,79.32,0.549,92.76,1,splice_failure,critical,F,52.54,61.76,3.46
4.28,90.16,38.1,1604.0,4.93,166.11,50.95,0.149,8.26,0,none,low,A,21.06,23.76,2.97
1.01,126.33,81.99,1845.0,11.15,281.59,94.7,0.886,61.03,0,joint_rupture,high,F,124.81,44.45,3.96
3.98,89.96,36.18,2403.0,2.99,157.47,55.14,0.159,4.67,0,none,low,A,22.62,15.05,1.9
3.89,88.94,34.08,2125.0,4.21,165.67,65.63,0.256,11.19,0,none,low,B,22.85,16.04,2.54
3.42,85.34,35.99,3294.0,1.84,190.56,58.76,0.11,9.09,0,none,low,A,24.99,10.92,0.97
1.28,123.96,84.19,1828.0,10.06,301.78,81.39,0.994,78.44,0,joint_rupture,high,F,96.62,46.05,3.33
5.2,80.69,31.57,1525.0,3.8,192.19,61.55,0.367,1.99,0,none,low,A,15.5,20.7,1.98
4.22,109.57,55.82,3420.0,6.57,228.27,74.79,0.438,37.52,0,splice_wear,medium,C,25.99,16.32,2.88
3.43,87.8,46.17,1701.0,2.2,161.36,53.0,0.235,18.72,0,none,low,B,25.56,27.14,1.36
4.55,78.81,46.51,2443.0,5.9,200.73,47.9,0.303,8.13,0,none,low,A,17.31,19.04,2.94
3.17,74.37,46.83,1954.0,5.19,172.34,59.79,0.308,12.82,0,none,low,B,23.43,23.96,3.01
3.53,70.83,34.69,2806.0,5.69,219.7,62.62,0.337,16.62,0,none,low,B,20.06,12.36,2.59
5.27,86.77,40.33,1722.0,3.24,186.83,64.88,0.264,9.51,0,none,low,A,16.47,23.42,1.73
3.35,86.26,59.8,3836.0,6.4,251.5,65.26,0.573,51.39,1,abrasion,low,C,25.79,15.59,2.54
4.4,85.71,39.72,2770.0,3.25,167.48,47.77,0.121,6.58,0,none,low,A,19.49,14.34,1.94
4.42,77.1,46.14,1648.0,2.13,208.42,58.77,0.119,21.93,0,none,low,B,17.45,27.99,1.02
3.18,114.67,57.52,3063.0,9.19,217.12,67.73,0.38,52.62,0,abrasion,low,C,36.05,18.78,4.23
3.55,82.21,44.23,2550.0,1.16,219.48,46.49,0.387,0.63,0,none,low,A,23.15,17.34,0.53
3.21,92.77,38.22,1775.0,2.7,163.19,48.92,0.384,11.13,0,none,low,B,28.94,21.53,1.66
2.19,103.95,65.85,1744.0,17.74,268.39,80.43,0.736,97.39,1,joint_rupture,critical,F,47.44,37.76,6.61
3.9,81.81,29.0,1780.0,2.38,227.72,52.62,0.245,4.9,0,none,low,A,20.95,16.29,1.05
3.7,75.17,39.36,1511.0,1.04,167.53,45.84,0.132,8.47,0,none,low,A,20.31,26.05,0.62
1.78,108.8,83.29,1276.0,9.78,293.19,77.28,0.673,79.28,1,tear,critical,D,61.07,65.26,3.34
4.13,93.24,31.63,2280.0,4.65,220.58,60.43,0.177,16.87,0,none,low,B,22.59,13.88,2.11
4.8,93.85,43.87,3226.0,1.01,207.41,64.08,0.112,21.79,0,none,low,B,19.57,13.6,0.49
4.66,90.01,42.58,1685.0,3.98,193.97,65.71,0.221,8.03,0,none,low,A,19.3,25.28,2.05
3.79,104.39,62.76,3197.0,7.51,208.33,62.08,0.346,31.01,0,abrasion,medium,C,27.53,19.63,3.61
5.07,94.78,46.04,2890.0,3.66,185.91,46.94,0.22,22.75,0,none,low,B,18.69,15.93,1.97
3.43,109.5,46.35,2775.0,9.26,224.23,61.4,0.463,55.16,0,edge_damage,medium,C,31.89,16.7,4.13
2.79,112.93,67.97,1499.0,12.34,292.08,89.11,0.844,74.23,0,tear,high,F,40.45,45.36,4.23
4.9,93.67,35.47,2534.0,2.89,150.54,53.88,0.338,14.9,0,none,low,B,19.1,14.0,1.92
5.12,83.28,46.52,2660.0,3.8,158.42,48.85,0.392,5.71,0,none,low,A,16.27,17.49,2.4
0.84,102.98,65.22,1911.0,12.73,277.68,81.26,0.574,78.54,0,joint_rupture,high,D,122.67,34.13,4.58
4.28,103.09,61.53,3968.0,6.44,257.67,67.01,0.416,36.91,0,abrasion,low,C,24.1,15.51,2.5
4.35,89.05,46.34,2381.0,2.51,170.75,49.48,0.117,8.56,0,none,low,A,20.45,19.46,1.47
5.42,83.94,35.64,2661.0,1.7,185.52,59.4,0.247,10.04,0,none,low,B,15.5,13.39,0.91
2.06,117.08,75.52,1042.0,12.56,252.76,84.51,0.772,68.65,1,tear,critical,D,56.88,72.5,4.97
4.15,70.95,44.41,2599.0,1.29,204.46,55.74,0.11,24.24,0,none,low,B,17.11,17.09,0.63
0.73,122.64,72.3,1163.0,13.42,286.57,86.25,0.721,83.02,1,splice_failure,critical,D,167.04,62.17,4.68
1.52,124.83,79.11,1488.0,17.6,264.03,77.19,0.927,76.69,1,bearing_failure,critical,D,82.18,53.16,6.67
3.64,70.77,49.37,1941.0,4.67,211.01,66.37,0.109,21.8,0,none,low,B,19.44,25.43,2.21
4.58,86.11,46.04,2167.0,4.67,192.29,63.25,0.397,5.02,0,none,low,A,18.8,21.25,2.43
2.5,86.32,51.84,3266.0,5.35,200.34,76.87,0.547,53.32,1,splice_wear,medium,C,34.47,15.87,2.67
4.0,88.08,34.17,2875.0,1.12,174.49,57.63,0.29,14.43,0,none,low,B,22.03,11.89,0.64
3.02,72.52,47.12,2863.0,1.56,217.37,50.57,0.243,3.63,0,none,low,A,24.05,16.45,0.72
1.03,125.9,70.03,1151.0,10.37,268.63,75.44,0.792,92.0,1,joint_rupture,high,D,122.5,60.84,3.86
3.89,86.2,30.7,3277.0,3.52,185.95,58.47,0.287,1.79,0,none,low,A,22.13,9.37,1.89
3.6,87.85,46.1,3108.0,3.76,191.61,48.29,0.333,6.79,0,none,low,A,24.37,14.83,1.96
3.71,73.35,41.85,1609.0,4.74,175.41,45.0,0.253,1.17,0,none,low,A,19.77,26.02,2.7
4.77,71.57,46.47,1508.0,2.23,209.27,52.27,0.131,9.01,0,none,low,A,15.01,30.82,1.07
5.11,77.83,45.36,3284.0,3.17,222.8,53.68,0.389,2.23,0,none,low,A,15.24,13.81,1.42
4.23,79.69,41.92,2908.0,1.02,163.36,61.4,0.3,24.15,0,none,low,B,18.82,14.42,0.63
2.26,108.94,62.63,1738.0,14.8,253.37,82.2,0.978,79.02,1,splice_failure,critical,F,48.28,36.03,5.84
4.93,70.07,46.9,1872.0,3.76,183.26,61.55,0.211,21.74,0,none,low,B,14.22,25.05,2.05
2.49,122.62,60.9,1274.0,17.38,258.8,89.74,0.987,61.98,1,joint_rupture,critical,D,49.23,47.81,6.71
3.24,86.74,47.23,3032.0,6.34,250.13,60.26,0.414,36.81,0,edge_damage,medium,C,26.81,15.58,2.53
4.84,78.26,47.93,2033.0,4.62,220.21,45.96,0.219,19.06,0,none,low,B,16.17,23.57,2.1
3.67,75.5,30.89,3214.0,3.88,156.11,53.8,0.21,4.54,0,none,low,A,20.58,9.61,2.48
3.83,78.55,44.26,1947.0,4.21,195.65,58.07,0.299,13.71,0,none,low,B,20.51,22.74,2.15
1.87,124.89,75.15,1149.0,10.86,260.66,92.99,0.855,95.62,1,tear,high,F,66.88,65.39,4.17
3.14,93.94,48.74,3070.0,5.96,193.56,67.14,0.123,9.14,0,none,low,A,29.87,15.87,3.08
3.49,73.52,41.69,3063.0,3.89,161.76,63.66,0.291,9.7,0,none,low,A,21.07,13.61,2.41
3.65,78.63,48.18,2081.0,3.35,221.21,61.28,0.119,3.68,0,none,low,A,21.54,23.15,1.51
4.58,81.19,30.95,3416.0,3.65,169.35,56.51,0.304,1.91,0,none,low,A,17.74,9.06,2.15
5.02,81.49,40.02,2366.0,1.22,163.26,55.25,0.163,1.25,0,none,low,A,16.24,16.92,0.75
2.48,125.61,66.05,1953.0,10.77,316.6,94.9,0.856,97.28,1,splice_failure,high,D,50.59,33.82,3.4
2.93,85.39,45.28,3659.0,8.66,221.3,72.57,0.419,58.35,1,abrasion,medium,C,29.16,12.38,3.91
4.8,76.18,42.09,2833.0,1.81,195.21,62.75,0.25,0.3,0,none,low,A,15.89,14.86,0.93
3.89,93.15,33.03,2769.0,2.11,175.73,64.5,0.319,2.38,0,none,low,A,23.93,11.93,1.2
3.07,82.02,42.57,1737.0,2.44,181.83,66.15,0.398,1.12,0,none,low,A,26.69,24.51,1.34
3.28,107.63,63.37,3902.0,7.89,221.43,74.18,0.375,44.74,0,abrasion,medium,C,32.76,16.24,3.56
2.94,100.83,81.0,1702.0,11.06,316.94,77.96,0.84,68.55,1,bearing_failure,high,F,34.34,47.58,3.49
4.29,88.97,34.21,2206.0,5.47,225.72,65.53,0.226,19.51,0,none,low,B,20.73,15.51,2.42
4.24,75.12,41.0,1872.0,2.66,218.4,49.76,0.121,1.73,0,none,low,A,17.7,21.9,1.22
1.52,124.33,80.9,1199.0,15.24,303.98,88.09,0.576,93.28,1,bearing_failure,critical,D,81.6,67.49,5.01
3.59,100.96,56.81,2123.0,6.81,243.39,63.61,0.361,25.35,0,splice_wear,medium,C,28.1,26.76,2.8
1.06,119.89,78.55,1818.0,12.8,271.21,81.51,0.856,91.04,0,joint_rupture,critical,D,113.03,43.2,4.72
2.94,107.87,55.85,2299.0,6.9,224.87,73.57,0.306,34.42,0,abrasion,low,C,36.68,24.29,3.07
4.2,79.04,48.88,2764.0,1.65,194.81,62.96,0.313,4.3,0,none,low,A,18.8,17.68,0.85
2.82,90.41,46.96,3607.0,5.61,207.51,75.31,0.403,26.08,0,abrasion,low,C,32.08,13.02,2.7
4.66,73.93,30.62,3029.0,4.36,184.83,57.63,0.194,12.06,0,none,low,B,15.86,10.11,2.36
3.97,92.66,28.35,3064.0,1.62,213.8,59.17,0.353,2.44,0,none,low,A,23.35,9.25,0.76
4.25,87.65,39.75,2581.0,3.15,174.71,56.09,0.136,24.04,0,none,low,B,20.61,15.4,1.8
1.07,126.38,80.22,1613.0,14.63,272.16,91.33,0.751,62.69,1,splice_failure,high,F,118.46,49.75,5.37
0.53,120.22,61.3,1459.0,11.59,271.47,82.06,0.811,72.69,1,joint_rupture,high,F,226.66,42.02,4.27
3.89,72.1,35.34,2855.0,1.36,166.43,53.77,0.395,19.62,0,none,low,B,18.54,12.38,0.82
4.06,108.56,57.02,3981.0,6.63,256.48,76.47,0.303,40.75,1,edge_damage,medium,C,26.73,14.32,2.58
5.45,83.89,32.18,2664.0,2.02,191.58,46.7,0.282,12.92,0,none,low,B,15.4,12.08,1.06
1.87,120.69,63.6,1514.0,10.55,314.79,76.37,0.715,86.44,1,splice_failure,high,F,64.4,41.99,3.35
3.04,94.13,33.52,2852.0,4.53,198.8,52.2,0.181,14.94,0,none,low,B,30.98,11.75,2.28
0.76,104.64,83.62,1684.0,16.95,264.18,86.75,0.851,85.84,1,tear,high,F,136.83,49.66,6.41
2.85,106.61,78.14,1541.0,15.65,265.03,88.3,0.749,88.23,1,bearing_failure,high,D,37.42,50.72,5.91
3.02,98.03,59.47,2018.0,7.95,236.8,71.48,0.373,49.99,0,abrasion,low,C,32.49,29.47,3.36
0.53,107.45,65.36,1125.0,11.23,254.38,84.18,0.866,83.06,1,joint_rupture,critical,F,201.08,58.1,4.41
5.21,79.58,38.86,2067.0,4.93,181.8,56.81,0.176,24.69,0,none,low,B,15.27,18.8,2.71
4.93,80.69,32.54,3099.0,2.67,219.22,66.05,0.358,0.88,0,none,low,A,16.38,10.5,1.22
4.25,104.14,61.67,2999.0,7.68,208.66,74.11,0.426,42.5,1,edge_damage,low,C,24.52,20.57,3.68
4.48,80.19,38.33,1557.0,2.05,172.48,61.4,0.103,10.22,0,none,low,B,17.92,24.62,1.19
3.53,108.6,63.85,3494.0,8.6,249.59,68.03,0.542,25.28,1,splice_wear,medium,C,30.74,18.28,3.45
3.64,88.56,29.69,3245.0,5.14,167.28,63.61,0.336,15.81,0,none,low,B,24.35,9.15,3.07
3.68,75.79,35.01,3307.0,1.39,216.31,53.02,0.256,19.86,0,none,low,B,20.6,10.59,0.64
3.42,97.44,45.27,2592.0,7.3,224.67,72.99,0.415,42.13,0,splice_wear,medium,C,28.46,17.46,3.25
2.47,108.9,73.53,1214.0,12.73,301.27,92.63,0.561,84.12,1,joint_rupture,high,F,44.03,60.56,4.22
3.61,71.44,36.6,1968.0,2.1,226.79,59.17,0.267,10.39,0,none,low,B,19.77,18.6,0.92
4.35,87.41,43.45,1843.0,3.5,182.96,65.02,0.289,13.31,0,none,low,B,20.08,23.57,1.91
4.51,72.93,35.42,1786.0,4.46,166.5,54.01,0.369,5.11,0,none,low,A,16.16,19.83,2.68
4.05,70.45,45.44,1638.0,3.37,194.85,59.45,0.307,6.33,0,none,low,A,17.4,27.74,1.73
4.81,83.39,46.39,3143.0,5.22,188.81,52.67,0.337,11.28,0,none,low,B,17.34,14.76,2.76
5.14,92.06,38.26,1651.0,2.94,214.28,65.74,0.161,1.67,0,none,low,A,17.92,23.17,1.37
3.58,114.04,46.33,3297.0,5.37,222.53,74.47,0.43,59.9,0,abrasion,low,C,31.82,14.05,2.41
3.88,79.31,29.51,2239.0,3.32,207.82,60.1,0.313,0.21,0,none,low,A,20.46,13.18,1.6
4.65,82.1,28.12,3109.0,4.86,193.87,46.53,0.33,14.59,0,none,low,B,17.64,9.04,2.51
2.51,115.54,63.51,1605.0,14.58,301.96,78.4,0.597,93.84,1,tear,critical,D,46.08,39.56,4.83
4.08,89.36,46.76,2583.0,4.79,174.55,54.54,0.314,9.66,0,none,low,A,21.89,18.1,2.74
3.46,84.99,46.95,3237.0,4.62,209.66,57.83,0.275,3.34,0,none,low,A,24.54,14.5,2.2
4.13,93.96,37.48,2599.0,3.67,200.94,62.21,0.168,13.22,0,none,low,B,22.77,14.42,1.82
3.06,104.64,61.48,2126.0,8.88,249.3,68.31,0.595,52.53,1,abrasion,medium,C,34.23,28.91,3.56
4.16,76.6,37.14,3277.0,5.12,200.4,64.74,0.335,10.72,0,none,low,B,18.41,11.33,2.56
4.29,88.41,37.6,2834.0,1.47,209.84,63.69,0.312,24.18,0,none,low,B,20.63,13.27,0.7
2.83,124.04,76.86,807.0,13.19,289.98,81.08,0.659,96.52,1,tear,high,F,43.77,95.25,4.55
3.78,86.36,33.1,1529.0,4.82,199.9,62.53,0.112,20.93,0,none,low,B,22.83,21.65,2.41
4.41,85.62,47.02,2674.0,3.9,229.25,62.4,0.233,17.68,0,none,low,B,19.42,17.58,1.7
3.57,84.92,48.42,3358.0,2.71,192.21,49.87,0.399,24.53,0,none,low,B,23.77,14.42,1.41
5.01,87.88,41.05,1607.0,3.27,203.98,60.58,0.212,23.54,0,none,low,B,17.54,25.55,1.6
4.25,87.27,43.34,2797.0,2.38,162.5,59.63,0.28,4.48,0,none,low,A,20.53,15.49,1.46
3.84,110.12,48.39,2038.0,8.9,236.58,72.59,0.551,53.1,1,splice_wear,medium,C,28.71,23.74,3.76
4.0,73.84,40.6,2054.0,5.61,196.66,58.64,0.206,1.3,0,none,low,A,18.44,19.76,2.85
4.06,72.11,41.35,3262.0,5.41,202.72,49.86,0.359,22.15,0,none,low,B,17.77,12.68,2.67
4.84,77.16,45.66,3494.0,1.15,221.79,59.32,0.392,11.63,0,none,low,B,15.93,13.07,0.52
3.17,87.01,64.51,3634.0,9.26,256.28,61.53,0.416,27.49,0,edge_damage,low,C,27.44,17.75,3.61
3.67,72.52,31.68,1795.0,5.87,210.74,67.26,0.232,6.96,0,none,low,A,19.75,17.66,2.78
3.1,91.98,47.59,2513.0,6.78,240.44,61.13,0.363,53.32,0,edge_damage,low,C,29.68,18.94,2.82
2.7,109.88,59.13,3234.0,5.78,228.71,74.05,0.391,35.91,0,edge_damage,low,C,40.74,18.28,2.53
4.15,77.66,46.09,1614.0,3.09,186.67,61.68,0.272,16.68,0,none,low,B,18.72,28.56,1.66
1.28,116.14,81.0,1987.0,17.01,276.0,78.9,0.745,88.18,1,bearing_failure,critical,D,90.4,40.76,6.16
3.29,89.99,30.71,2897.0,3.08,191.11,65.78,0.367,20.45,0,none,low,B,27.33,10.6,1.61
4.84,82.82,47.13,2306.0,5.85,224.59,62.06,0.184,3.29,0,none,low,A,17.11,20.44,2.61
4.21,99.72,53.13,3806.0,8.02,234.6,70.06,0.411,52.5,0,edge_damage,low,C,23.7,13.96,3.42
3.96,102.2,51.75,3977.0,5.13,215.16,69.36,0.457,45.61,1,abrasion,low,C,25.81,13.01,2.38
3.13,79.41,33.11,2031.0,3.77,165.96,51.76,0.171,23.71,0,none,low,B,25.34,16.3,2.27
2.81,123.57,74.75,808.0,15.95,299.17,87.31,0.88,79.49,1,tear,critical,F,43.96,92.54,5.33
5.07,74.27,28.67,1909.0,2.7,190.85,59.15,0.373,12.75,0,none,low,B,14.65,15.02,1.42
3.13,70.87,40.13,2376.0,5.2,162.85,45.57,0.235,5.94,0,none,low,A,22.67,16.89,3.19
4.81,72.79,41.38,2062.0,1.87,180.38,63.43,0.218,18.77,0,none,low,B,15.13,20.07,1.04
4.93,75.92,42.9,2632.0,5.65,180.99,46.52,0.106,20.67,0,none,low,B,15.39,16.3,3.12
4.94,75.86,35.59,1560.0,5.81,203.43,66.46,0.18,15.29,0,none,low,B,15.36,22.81,2.85
3.79,91.2,48.84,3270.0,4.7,172.2,51.48,0.389,0.26,0,none,low,A,24.04,14.94,2.73
2.06,129.7,67.8,1208.0,9.71,281.0,80.22,0.672,91.71,1,bearing_failure,critical,F,63.06,56.12,3.46
3.5,74.12,33.28,2920.0,2.36,177.31,55.32,0.374,4.73,0,none,low,A,21.2,11.4,1.33
3.15,92.62,42.25,2046.0,1.89,173.54,47.64,0.382,19.61,0,none,low,B,29.4,20.65,1.09
5.16,76.24,43.78,3212.0,2.78,210.6,51.79,0.19,2.68,0,none,low,A,14.77,13.63,1.32
4.82,93.51,41.28,3226.0,5.11,163.87,56.17,0.135,17.05,0,none,low,B,19.38,12.8,3.12
3.97,103.97,56.67,2780.0,6.78,202.71,63.92,0.305,45.35,0,splice_wear,medium,C,26.2,20.38,3.34
4.75,80.27,40.33,3385.0,1.41,170.32,62.94,0.13,1.89,0,none,low,A,16.9,11.91,0.83
3.23,84.63,32.98,3291.0,4.92,205.98,59.19,0.359,5.58,0,none,low,A,26.2,10.02,2.39
2.37,116.84,66.16,1308.0,16.14,252.22,90.64,0.62,65.48,0,tear,critical,D,49.29,50.57,6.4
3.57,85.35,33.56,2655.0,2.8,215.88,63.88,0.243,8.77,0,none,low,A,23.93,12.64,1.3
5.01,78.2,32.6,1669.0,3.33,188.57,64.34,0.166,9.52,0,none,low,A,15.6,19.53,1.77
1.46,113.77,67.58,1919.0,10.07,315.36,88.68,0.766,61.24,1,bearing_failure,critical,F,77.85,35.22,3.19
4.55,78.3,48.42,3190.0,2.12,169.13,56.78,0.332,1.1,0,none,low,A,17.22,15.18,1.25
4.62,75.79,42.99,3380.0,1.23,175.57,55.08,0.37,24.06,0,none,low,B,16.4,12.72,0.7
4.88,83.29,39.83,2056.0,2.08,173.04,57.8,0.109,22.68,0,none,low,B,17.09,19.37,1.2
3.55,82.96,43.62,1691.0,2.59,227.49,51.03,0.194,20.91,0,none,low,B,23.37,25.79,1.14
4.16,79.49,34.96,2071.0,1.46,175.19,45.99,0.334,9.96,0,none,low,A,19.1,16.88,0.83
5.23,86.45,28.18,3386.0,2.19,158.61,62.67,0.25,10.84,0,none,low,B,16.52,8.32,1.38
4.37,76.86,47.83,1930.0,5.42,194.75,64.06,0.314,17.42,0,none,low,B,17.59,24.78,2.78
3.58,75.27,46.86,3141.0,3.2,160.59,53.79,0.286,11.36,0,none,low,B,21.0,14.92,1.99
0.98,113.79,70.77,1165.0,10.78,254.6,92.74,0.71,78.88,1,tear,critical,F,116.37,60.73,4.24
4.05,88.93,47.76,1668.0,2.97,158.02,45.38,0.299,15.06,0,none,low,B,21.98,28.63,1.88
3.58,70.59,46.37,3449.0,1.68,168.52,64.97,0.378,10.49,0,none,low,B,19.69,13.44,1.0
3.1,84.35,36.64,1557.0,3.92,150.9,63.11,0.192,1.01,0,none,low,A,27.22,23.53,2.6
3.99,94.35,39.97,2050.0,4.55,171.72,65.8,0.212,13.75,0,none,low,B,23.62,19.49,2.65
4.07,90.81,45.72,1949.0,2.13,215.38,66.4,0.129,11.25,0,none,low,B,22.34,23.46,0.99
5.18,72.09,32.64,3005.0,1.26,189.4,55.17,0.2,9.86,0,none,low,A,13.93,10.86,0.66
3.4,84.3,45.72,3020.0,1.77,161.94,51.17,0.208,10.21,0,none,low,B,24.77,15.14,1.09
3.14,70.87,36.62,2894.0,1.97,201.32,50.98,0.366,22.39,0,none,low,B,22.56,12.65,0.98
3.57,80.28,33.29,2845.0,5.13,203.85,63.96,0.219,3.91,0,none,low,A,22.46,11.7,2.52
3.84,93.12,46.62,3985.0,5.78,259.31,77.59,0.538,48.08,0,abrasion,low,C,24.23,11.7,2.23
4.17,85.48,37.05,2355.0,2.65,195.14,64.56,0.16,23.36,0,none,low,B,20.5,15.73,1.36
5.06,83.9,45.15,1532.0,5.09,153.21,65.47,0.398,7.35,0,none,low,A,16.59,29.46,3.32
4.91,76.33,47.04,1706.0,1.63,228.33,60.5,0.354,8.11,0,none,low,A,15.53,27.58,0.71
4.49,85.08,43.02,2651.0,3.15,172.07,62.68,0.168,17.31,0,none,low,B,18.97,16.23,1.83
4.56,88.68,32.81,1620.0,1.65,198.48,64.54,0.113,18.35,0,none,low,B,19.43,20.26,0.83
4.2,93.22,35.3,2431.0,1.07,156.53,50.95,0.108,15.78,0,none,low,B,22.22,14.52,0.68
4.37,74.37,34.51,2828.0,5.83,154.03,65.48,0.273,14.1,0,none,low,B,17.02,12.2,3.78
3.17,72.25,41.22,2182.0,5.59,182.53,48.3,0.314,7.33,0,none,low,A,22.77,18.89,3.06
4.74,92.51,45.43,2853.0,4.4,225.67,51.8,0.1,6.8,0,none,low,A,19.5,15.92,1.95
4.65,85.84,41.06,1532.0,4.64,175.88,60.3,0.267,8.57,0,none,low,A,18.44,26.79,2.64
3.24,90.79,48.2,2800.0,1.52,182.16,61.77,0.334,2.96,0,none,low,A,28.06,17.22,0.83
4.78,78.91,33.6,1526.0,3.7,218.09,67.03,0.27,12.86,0,none,low,B,16.51,22.02,1.7
4.37,79.5,41.36,2277.0,2.2,157.6,52.24,0.129,4.42,0,none,low,A,18.18,18.16,1.4
3.56,111.21,64.91,3165.0,9.06,219.62,65.5,0.421,48.54,0,abrasion,medium,C,31.21,20.51,4.13
4.58,73.21,40.73,2887.0,4.5,210.28,65.08,0.25,18.26,0,none,low,B,15.98,14.11,2.14
3.47,70.64,34.26,2386.0,4.09,218.0,49.51,0.138,24.09,0,none,low,B,20.38,14.36,1.87
4.2,84.64,39.91,1672.0,1.29,158.44,58.47,0.263,5.84,0,none,low,A,20.17,23.87,0.81
5.05,71.04,38.96,2879.0,2.26,174.62,59.11,0.369,20.25,0,none,low,B,14.07,13.53,1.3
4.83,79.12,42.1,2432.0,1.95,206.14,57.8,0.208,22.78,0,none,low,B,16.4,17.31,0.95
3.79,71.42,44.86,2904.0,2.66,204.05,54.11,0.327,11.35,0,none,low,B,18.85,15.45,1.3
5.34,76.27,30.65,2669.0,5.85,180.23,46.43,0.202,12.65,0,none,low,B,14.29,11.48,3.24
4.65,94.94,37.94,2209.0,3.0,159.21,65.32,0.224,9.68,0,none,low,A,20.44,17.17,1.89
4.11,86.21,29.35,3127.0,5.7,201.9,66.96,0.145,11.94,0,none,low,B,21.0,9.39,2.82
4.45,80.04,35.44,1754.0,2.96,163.01,61.89,0.163,1.46,0,none,low,A,17.97,20.21,1.82
4.49,91.8,40.69,2191.0,5.02,193.22,46.82,0.27,22.7,0,none,low,B,20.45,18.57,2.6
3.74,73.59,31.33,2366.0,3.98,156.45,66.61,0.327,14.67,0,none,low,B,19.67,13.25,2.54
3.45,103.9,61.57,3567.0,6.39,256.45,62.24,0.563,58.98,0,edge_damage,medium,C,30.08,17.26,2.49
4.01,82.91,40.77,3372.0,4.36,188.5,63.62,0.385,0.55,0,none,low,A,20.66,12.09,2.31
4.13,93.41,47.64,2880.0,8.22,222.86,60.98,0.48,56.58,0,abrasion,medium,C,22.62,16.54,3.69
3.12,90.51,46.18,2676.0,2.77,213.98,57.76,0.348,15.79,0,none,low,B,29.0,17.26,1.29
1.54,128.74,73.53,1526.0,10.98,293.8,86.43,0.592,62.26,1,joint_rupture,high,F,83.85,48.18,3.74
1.43,118.76,60.31,972.0,15.68,267.09,86.96,0.693,92.48,1,splice_failure,critical,F,82.79,62.07,5.87
3.51,86.86,46.42,3148.0,7.83,252.68,70.04,0.588,26.7,0,edge_damage,medium,C,24.74,14.75,3.1
4.35,86.14,29.0,3392.0,5.21,173.73,46.78,0.151,3.17,0,none,low,A,19.79,8.55,3.0
4.3,76.15,35.88,3479.0,4.42,225.92,48.28,0.215,13.87,0,none,low,B,17.72,10.31,1.96
3.01,86.76,42.12,2322.0,3.45,183.24,45.55,0.201,4.43,0,none,low,A,28.82,18.14,1.88
5.39,84.98,44.03,2131.0,2.97,168.95,47.23,0.154,19.94,0,none,low,B,15.76,20.66,1.76
4.37,81.88,48.29,1645.0,2.4,178.0,63.0,0.398,6.02,0,none,low,A,18.75,29.35,1.35
1.06,111.98,70.24,1974.0,10.63,305.94,81.68,0.865,75.96,1,splice_failure,critical,D,105.48,35.59,3.47
3.45,93.93,47.58,2805.0,3.3,204.06,59.23,0.271,1.48,0,none,low,A,27.2,16.97,1.62
4.92,94.85,28.24,2960.0,3.86,184.72,47.93,0.223,8.86,0,none,low,A,19.27,9.54,2.09
4.83,87.52,40.96,3377.0,2.75,169.5,60.09,0.16,7.88,0,none,low,A,18.13,12.13,1.62
3.17,90.69,33.6,2446.0,1.22,205.95,52.6,0.323,10.31,0,none,low,B,28.58,13.74,0.59
4.28,73.26,37.69,2135.0,5.56,154.87,60.96,0.155,7.98,0,none,low,A,17.11,17.66,3.59
5.27,76.06,30.01,2137.0,1.52,160.29,58.2,0.118,0.77,0,none,low,A,14.43,14.04,0.95
2.75,92.61,57.84,2551.0,7.47,207.3,70.59,0.395,46.94,1,abrasion,medium,C,33.67,22.67,3.6
3.64,78.19,31.62,1862.0,4.95,180.78,55.03,0.278,14.74,0,none,low,B,21.48,16.98,2.74
5.08,74.43,43.91,3045.0,4.57,196.32,45.34,0.208,15.12,0,none,low,B,14.66,14.42,2.33
5.16,77.72,34.46,2032.0,2.66,194.59,61.26,0.299,20.19,0,none,low,B,15.07,16.96,1.37
0.55,122.08,65.21,960.0,14.75,272.38,76.14,0.569,60.04,1,joint_rupture,high,F,223.03,67.96,5.41
4.69,75.98,44.68,3020.0,2.56,182.85,49.82,0.393,16.14,0,none,low,B,16.21,14.79,1.4
4.06,107.98,58.83,3931.0,6.97,207.84,72.09,0.519,45.13,0,edge_damage,low,C,26.57,14.97,3.35
4.07,86.13,44.39,1964.0,3.03,171.53,49.57,0.335,22.73,0,none,low,B,21.17,22.6,1.76
4.88,92.42,46.61,1866.0,5.78,180.13,52.8,0.119,12.15,0,none,low,B,18.95,24.99,3.21
3.62,77.92,45.79,3251.0,2.51,218.7,64.72,0.329,3.67,0,none,low,A,21.52,14.09,1.15
5.36,87.06,35.3,2501.0,4.23,190.85,47.76,0.194,20.06,0,none,low,B,16.24,14.11,2.22
4.4,94.86,58.25,3504.0,9.06,256.74,65.63,0.558,29.61,1,splice_wear,medium,C,21.54,16.62,3.53
3.63,91.83,31.71,1607.0,4.59,188.04,64.53,0.215,4.21,0,none,low,A,25.29,19.73,2.44
0.97,121.61,72.78,1525.0,13.15,308.01,91.59,0.855,64.01,1,splice_failure,critical,D,124.99,47.72,4.27
3.11,89.18,57.24,2613.0,6.63,204.25,66.3,0.559,33.16,0,edge_damage,low,C,28.69,21.91,3.25
4.46,102.48,64.91,3823.0,6.11,203.37,64.6,0.458,31.01,0,splice_wear,low,C,23.0,16.98,3.0
3.3,80.4,29.39,2294.0,3.37,186.1,64.99,0.259,11.7,0,none,low,B,24.33,12.81,1.81
5.04,92.38,46.77,2847.0,1.69,172.15,46.06,0.379,16.52,0,none,low,B,18.31,16.43,0.98
4.19,92.79,45.03,2753.0,7.85,228.72,75.52,0.332,44.38,0,edge_damage,medium,C,22.14,16.36,3.43
2.33,126.29,78.07,1078.0,15.35,271.54,79.84,0.537,88.27,1,joint_rupture,high,D,54.15,72.41,5.65
5.49,75.82,29.18,1880.0,1.19,181.34,63.46,0.202,11.1,0,none,low,B,13.82,15.53,0.66
4.27,91.54,47.05,1520.0,4.89,186.86,67.74,0.245,24.67,0,none,low,B,21.43,30.96,2.62
3.58,114.76,62.15,2195.0,8.53,220.73,60.13,0.421,33.22,1,splice_wear,medium,C,32.09,28.32,3.87
0.84,116.13,64.62,1314.0,9.55,265.67,82.27,0.719,97.14,1,splice_failure,high,F,137.83,49.19,3.6
5.38,71.51,34.55,2096.0,2.6,163.14,63.01,0.137,15.87,0,none,low,B,13.28,16.48,1.59
3.18,92.74,32.18,3143.0,3.72,156.23,66.98,0.174,21.49,0,none,low,B,29.2,10.24,2.38
5.13,70.33,39.26,3039.0,5.67,222.74,63.85,0.366,4.98,0,none,low,A,13.7,12.92,2.55
3.72,79.43,36.65,2589.0,1.8,205.3,48.85,0.193,12.58,0,none,low,B,21.34,14.16,0.88
2.11,104.67,73.68,905.0,12.4,278.95,75.8,0.637,96.31,1,joint_rupture,high,D,49.52,81.42,4.44
5.13,72.9,43.53,2507.0,5.15,190.65,59.27,0.243,11.95,0,none,low,B,14.2,17.36,2.7
2.08,113.51,73.28,1695.0,16.43,298.76,93.48,0.91,81.35,1,joint_rupture,high,F,54.49,43.24,5.5
4.49,90.36,36.41,1765.0,1.98,169.0,51.9,0.293,15.02,0,none,low,B,20.12,20.63,1.17
3.91,90.6,32.49,2438.0,5.0,164.41,47.53,0.365,8.57,0,none,low,A,23.19,13.33,3.04
3.06,87.25,34.95,1611.0,4.05,169.26,53.9,0.124,3.68,0,none,low,A,28.48,21.69,2.39
3.22,92.77,28.13,2468.0,1.62,174.61,66.3,0.149,24.15,0,none,low,B,28.77,11.4,0.93
4.85,83.67,47.46,2608.0,3.67,165.64,48.82,0.375,8.2,0,none,low,A,17.24,18.2,2.22
4.9,78.47,48.95,2976.0,3.99,220.47,46.14,0.177,11.63,0,none,low,B,16.02,16.45,1.81
4.86,92.98,37.32,2184.0,5.81,185.59,56.25,0.205,22.74,0,none,low,B,19.13,17.09,3.13
4.91,90.3,35.52,2367.0,5.24,179.06,63.26,0.382,15.58,0,none,low,B,18.41,15.0,2.93
2.61,111.85,61.28,1282.0,15.06,281.52,89.98,0.678,84.12,0,tear,critical,D,42.81,47.79,5.35
4.49,82.12,28.59,2261.0,1.53,192.51,54.1,0.284,20.14,0,none,low,B,18.28,12.65,0.8
5.41,83.39,41.6,2861.0,4.33,190.88,54.86,0.116,0.55,0,none,low,A,15.43,14.54,2.27
3.83,79.69,31.04,2976.0,5.28,225.1,56.32,0.31,21.39,0,none,low,B,20.78,10.43,2.35
3.77,93.42,39.34,2495.0,1.89,158.65,64.37,0.284,8.15,0,none,low,A,24.76,15.77,1.19
4.39,84.6,32.55,3203.0,1.42,178.49,60.65,0.182,20.69,0,none,low,B,19.28,10.16,0.8
0.8,104.22,67.16,1422.0,15.73,308.56,89.09,0.964,88.07,1,splice_failure,critical,F,130.64,47.24,5.1
1.15,101.58,78.15,946.0,11.72,287.27,86.29,0.8,66.32,1,joint_rupture,high,F,88.55,82.65,4.08
3.31,73.04,43.86,1868.0,2.64,188.98,45.57,0.175,10.2,0,none,low,B,22.06,23.49,1.4
3.34,88.2,45.89,2015.0,4.87,180.84,56.65,0.357,18.75,0,none,low,B,26.4,22.77,2.69
2.64,111.8,52.76,2576.0,8.62,250.18,75.52,0.395,54.83,0,edge_damage,low,C,42.36,20.48,3.45
3.16,78.12,42.8,2175.0,1.9,172.51,55.52,0.243,19.58,0,none,low,B,24.74,19.68,1.1
4.19,88.43,50.11,3656.0,6.89,258.87,68.39,0.538,39.08,0,splice_wear,low,C,21.1,13.71,2.66
2.86,107.53,62.51,1272.0,14.55,310.26,81.92,0.827,73.31,1,joint_rupture,critical,D,37.6,49.15,4.69
4.92,94.16,49.34,3230.0,4.0,206.07,51.56,0.289,11.39,0,none,low,B,19.15,15.28,1.94
4.89,77.05,35.0,3349.0,1.28,188.85,65.99,0.283,13.66,0,none,low,B,15.74,10.45,0.68
3.86,91.3,40.3,2529.0,1.5,151.28,67.16,0.213,15.08,0,none,low,B,23.66,15.93,0.99
4.71,93.31,40.66,1752.0,3.91,211.31,54.35,0.364,16.22,0,none,low,B,19.82,23.21,1.85
0.83,109.29,65.04,1891.0,15.84,297.35,81.02,0.592,88.75,1,splice_failure,critical,F,131.96,34.4,5.33
1.63,107.58,71.07,1817.0,10.85,316.65,81.84,0.993,91.87,1,joint_rupture,high,F,66.17,39.12,3.43
5.04,92.13,29.91,2577.0,5.57,181.04,64.08,0.14,23.38,0,none,low,B,18.27,11.61,3.07
2.19,110.9,83.45,1131.0,11.99,299.06,90.31,0.965,67.78,1,joint_rupture,high,D,50.6,73.81,4.01
3.61,75.09,49.0,3337.0,1.23,177.11,54.32,0.172,15.72,0,none,low,B,20.82,14.68,0.7
5.13,88.52,39.94,2807.0,2.37,197.44,56.25,0.14,6.06,0,none,low,A,17.27,14.23,1.2
5.31,75.76,34.36,2239.0,4.32,159.46,66.94,0.36,14.43,0,none,low,B,14.27,15.35,2.71
3.04,78.47,45.5,1655.0,2.41,196.82,50.9,0.38,3.28,0,none,low,A,25.8,27.5,1.23
2.38,109.32,72.86,1828.0,13.2,275.18,85.72,0.859,76.86,1,joint_rupture,critical,F,46.01,39.85,4.8
0.71,125.89,72.01,883.0,13.95,279.2,92.55,0.602,91.41,1,splice_failure,high,F,177.79,81.6,5.0
4.0,82.57,46.47,2802.0,4.08,164.05,56.8,0.315,24.33,0,none,low,B,20.62,16.59,2.48
3.02,71.88,36.27,3141.0,1.04,186.54,52.57,0.116,11.26,0,none,low,B,23.77,11.55,0.56
3.88,87.64,39.47,1749.0,5.81,200.87,62.61,0.124,1.18,0,none,low,A,22.59,22.57,2.89
3.47,80.36,48.59,2414.0,2.45,194.95,47.57,0.283,14.21,0,none,low,B,23.15,20.13,1.26
1.13,115.29,82.72,1742.0,13.39,316.18,76.14,0.965,61.92,1,tear,critical,D,102.28,47.48,4.23
4.45,77.06,34.14,2310.0,5.99,154.4,58.31,0.125,3.86,0,none,low,A,17.32,14.78,3.88
4.28,76.47,34.96,1674.0,2.52,227.32,66.73,0.2,14.27,0,none,low,B,17.88,20.89,1.11
4.12,113.45,46.83,2323.0,9.8,232.25,60.26,0.377,40.75,0,abrasion,low,C,27.53,20.16,4.22
3.58,101.0,53.11,2338.0,9.89,251.2,68.97,0.481,32.95,0,edge_damage,low,C,28.24,22.71,3.94
5.48,85.28,36.16,3044.0,1.85,180.76,52.98,0.23,19.54,0,none,low,B,15.57,11.88,1.02
4.99,84.41,35.53,3120.0,2.19,167.95,56.6,0.178,0.23,0,none,low,A,16.93,11.39,1.3
4.28,81.14,49.27,2642.0,5.32,161.16,58.09,0.36,14.58,0,none,low,B,18.97,18.65,3.3
2.68,98.74,52.89,3734.0,6.22,258.0,77.25,0.374,37.18,1,abrasion,medium,C,36.77,14.16,2.41
4.32,87.19,34.02,2973.0,1.26,153.94,53.88,0.206,7.89,0,none,low,A,20.21,11.44,0.82
3.8,74.81,34.81,3450.0,3.06,185.58,58.26,0.395,6.04,0,none,low,A,19.68,10.09,1.65
4.79,85.18,29.95,2854.0,1.32,197.69,62.01,0.163,21.04,0,none,low,B,17.78,10.49,0.67
5.11,81.51,32.79,1768.0,5.77,155.81,49.58,0.204,15.51,0,none,low,B,15.95,18.55,3.7
3.31,77.24,33.25,1927.0,3.06,206.32,50.0,0.21,9.77,0,none,low,A,23.31,17.26,1.48
2.5,107.25,61.7,1180.0,11.4,285.41,90.55,0.929,92.1,1,tear,critical,F,42.89,52.28,3.99
4.59,94.82,45.11,1952.0,1.88,219.3,55.22,0.141,21.56,0,none,low,B,20.66,23.11,0.86
2.77,125.55,61.31,925.0,14.12,287.2,84.16,0.698,76.39,1,splice_failure,high,F,45.26,66.26,4.92
4.45,92.23,40.52,2763.0,3.59,154.09,50.36,0.248,7.76,0,none,low,A,20.73,14.66,2.33
4.26,78.07,33.68,2428.0,1.67,224.22,64.96,0.312,2.66,0,none,low,A,18.32,13.87,0.74
2.42,103.42,76.1,1801.0,14.2,295.25,84.17,0.764,61.31,1,tear,high,F,42.75,42.25,4.81
3.74,76.63,37.5,3498.0,2.1,158.26,58.46,0.247,13.1,0,none,low,B,20.48,10.72,1.33
3.67,92.77,37.58,1758.0,4.71,201.45,52.26,0.286,5.5,0,none,low,A,25.29,21.38,2.34
5.25,73.34,36.51,3142.0,5.85,186.31,56.66,0.272,23.31,0,none,low,B,13.97,11.62,3.14
3.37,98.92,60.78,3206.0,8.27,259.89,61.35,0.367,39.28,0,edge_damage,low,C,29.32,18.96,3.18
4.7,91.98,39.31,2578.0,2.28,211.43,62.29,0.277,5.32,0,none,low,A,19.56,15.25,1.08
3.16,84.82,46.15,3217.0,3.32,212.74,66.78,0.183,9.95,0,none,low,A,26.84,14.35,1.56
4.33,114.43,58.24,3634.0,8.75,241.97,65.52,0.317,37.01,0,abrasion,medium,C,26.44,16.03,3.62
5.17,92.27,37.88,2419.0,1.38,203.66,63.89,0.173,10.53,0,none,low,B,17.83,15.66,0.68
1.11,116.52,64.81,922.0,17.2,307.44,90.2,0.524,92.06,1,tear,high,F,105.16,70.28,5.59
4.71,88.83,44.0,3239.0,1.95,182.09,66.8,0.219,3.12,0,none,low,A,18.86,13.58,1.07
3.27,75.07,49.96,2583.0,2.42,229.58,67.23,0.232,6.51,0,none,low,A,22.93,19.35,1.05
2.22,126.79,77.24,1141.0,15.24,271.41,90.18,0.81,62.94,1,tear,critical,D,57.18,67.72,5.62
2.05,123.44,77.58,1801.0,9.51,302.33,92.02,0.643,84.34,1,tear,high,F,60.34,43.07,3.14
4.08,108.24,49.35,3242.0,5.24,229.01,60.26,0.576,59.16,0,splice_wear,low,C,26.54,15.22,2.29
5.24,84.35,35.72,3165.0,3.47,222.93,66.34,0.15,0.06,0,none,low,A,16.1,11.28,1.56
0.64,124.99,71.45,1111.0,16.91,263.77,93.95,0.603,83.32,1,bearing_failure,critical,D,195.72,64.32,6.41
1.25,105.65,67.59,912.0,10.29,257.33,83.46,0.898,65.37,0,splice_failure,high,F,84.25,74.15,4.0
0.72,107.11,64.12,950.0,12.29,266.06,79.37,0.527,60.67,0,joint_rupture,high,D,149.39,67.53,4.62
2.58,129.75,64.09,1630.0,15.07,318.6,94.71,0.843,69.26,1,splice_failure,high,D,50.27,39.32,4.73
1.62,114.68,65.44,894.0,14.16,256.88,83.99,0.97,96.21,1,tear,high,F,70.75,73.21,5.51
3.67,92.81,41.93,2942.0,2.29,207.55,45.65,0.213,15.67,0,none,low,B,25.29,14.25,1.1
5.06,75.88,42.35,2310.0,3.98,158.6,45.39,0.373,6.74,0,none,low,A,15.0,18.33,2.51
1.03,107.96,76.57,1959.0,17.24,285.2,90.9,0.568,97.14,1,bearing_failure,high,F,104.96,39.1,6.05
3.53,89.54,32.48,2021.0,1.46,181.95,54.64,0.254,17.72,0,none,low,B,25.34,16.07,0.8
2.61,85.56,47.87,3316.0,8.64,247.19,64.39,0.392,41.91,0,edge_damage,medium,C,32.8,14.44,3.49
4.01,100.0,47.56,3164.0,6.5,202.06,71.43,0.558,37.07,0,abrasion,medium,C,24.96,15.03,3.22
1.12,127.31,63.86,1552.0,9.26,295.06,80.54,0.725,73.12,0,joint_rupture,critical,F,113.46,41.14,3.14
5.4,91.29,47.0,2314.0,4.81,161.51,45.2,0.106,14.67,0,none,low,B,16.91,20.32,2.98
4.3,70.19,37.3,2936.0,3.21,208.58,50.36,0.344,14.71,0,none,low,B,16.34,12.7,1.54
3.59,85.7,46.26,2331.0,2.29,219.36,60.39,0.234,12.2,0,none,low,B,23.86,19.84,1.04
4.57,78.97,49.9,2460.0,3.43,195.27,66.09,0.34,11.28,0,none,low,B,17.29,20.28,1.76
1.73,105.77,71.6,1095.0,17.23,273.48,94.05,0.767,84.0,1,splice_failure,critical,D,61.11,65.39,6.3
5.32,81.47,32.0,2105.0,1.25,187.46,64.62,0.38,23.32,0,none,low,B,15.3,15.2,0.67
3.96,70.71,46.81,2218.0,4.16,207.19,54.89,0.192,24.06,0,none,low,B,17.88,21.11,2.01
3.46,114.19,45.1,2825.0,5.5,230.55,60.44,0.422,32.72,0,splice_wear,low,C,33.01,15.96,2.39
2.09,101.25,65.17,1910.0,12.3,257.25,89.05,0.65,70.22,1,splice_failure,high,F,48.49,34.12,4.78
3.4,89.75,41.56,1590.0,4.11,174.71,53.48,0.331,20.27,0,none,low,B,26.4,26.14,2.35
5.37,80.16,44.98,2468.0,5.49,222.62,47.01,0.381,20.64,0,none,low,B,14.93,18.23,2.47
4.11,110.5,50.78,3905.0,5.25,208.99,69.68,0.473,47.58,0,splice_wear,low,C,26.89,13.01,2.51
3.04,84.17,48.51,2832.0,5.11,151.06,57.47,0.238,12.47,0,none,low,B,27.73,17.13,3.38
4.71,82.58,44.83,2471.0,1.75,201.86,48.96,0.362,15.33,0,none,low,B,17.53,18.15,0.87
5.41,82.96,29.6,2754.0,2.27,214.3,63.81,0.394,12.55,0,none,low,B,15.35,10.75,1.06
4.88,73.31,40.03,2592.0,1.45,183.44,64.63,0.357,2.48,0,none,low,A,15.01,15.44,0.79
3.66,91.87,30.84,2940.0,1.51,199.85,53.19,0.337,5.84,0,none,low,A,25.12,10.49,0.75
3.59,87.84,47.22,1754.0,5.33,197.49,47.92,0.228,4.02,0,none,low,A,24.47,26.93,2.7
0.76,115.18,80.37,1923.0,13.62,316.52,85.71,0.697,92.23,1,tear,critical,D,150.67,41.78,4.3
3.14,83.85,40.93,3369.0,4.63,223.42,65.89,0.281,13.19,0,none,low,B,26.72,12.15,2.07
5.45,89.33,30.34,3057.0,1.85,185.79,49.84,0.307,21.93,0,none,low,B,16.4,9.92,1.0
3.21,77.46,42.79,2158.0,2.39,164.75,56.44,0.183,18.28,0,none,low,B,24.17,19.83,1.45
4.66,75.94,38.76,2072.0,4.61,225.62,66.09,0.275,11.57,0,none,low,B,16.3,18.71,2.04
0.96,124.63,70.72,1027.0,11.54,268.73,85.38,0.617,64.7,0,splice_failure,critical,D,129.97,68.88,4.29
5.31,83.62,33.93,2905.0,4.29,229.13,51.1,0.302,1.3,0,none,low,A,15.75,11.68,1.87
3.01,94.99,45.65,3073.0,3.55,174.01,48.48,0.185,9.4,0,none,low,A,31.56,14.85,2.04
0.69,100.54,62.56,1293.0,17.4,294.62,91.04,0.733,73.74,0,tear,high,D,144.93,48.4,5.91
2.55,97.11,64.87,2350.0,8.36,210.4,73.05,0.452,48.8,0,edge_damage,low,C,38.01,27.61,3.97
1.73,127.7,60.4,1676.0,17.0,254.32,84.0,0.602,81.53,1,joint_rupture,high,F,73.65,36.04,6.68
3.14,90.91,39.26,2554.0,3.81,163.67,49.55,0.196,14.84,0,none,low,B,28.99,15.37,2.33
3.29,94.25,28.48,3105.0,4.94,173.78,48.12,0.144,17.44,0,none,low,B,28.64,9.17,2.84
4.96,93.44,43.22,1812.0,2.22,217.38,49.81,0.122,17.58,0,none,low,B,18.85,23.86,1.02
5.3,86.26,29.99,3396.0,2.29,176.98,54.25,0.115,12.41,0,none,low,B,16.27,8.83,1.3
4.0,78.77,45.0,3106.0,1.77,179.32,53.59,0.145,19.96,0,none,low,B,19.68,14.49,0.99
3.23,88.17,57.56,2243.0,9.93,246.84,67.02,0.474,56.9,0,splice_wear,low,C,27.27,25.67,4.02
5.11,86.11,42.32,3234.0,5.47,223.58,47.18,0.263,18.51,0,none,low,B,16.86,13.09,2.45
0.92,123.92,78.0,903.0,13.17,262.18,81.75,0.509,75.21,1,splice_failure,critical,D,135.14,86.35,5.02
5.48,92.07,38.41,2539.0,1.95,186.96,65.77,0.115,21.59,0,none,low,B,16.81,15.12,1.04
5.25,93.52,42.76,2829.0,3.26,216.84,67.12,0.333,15.55,0,none,low,B,17.82,15.12,1.51
5.12,83.53,45.68,2518.0,1.31,180.72,55.22,0.142,2.56,0,none,low,A,16.3,18.14,0.73
3.21,77.57,44.38,3429.0,4.59,229.41,61.06,0.188,16.8,0,none,low,B,24.14,12.94,2.0
2.54,106.1,45.43,3262.0,5.82,233.94,69.07,0.304,37.7,0,splice_wear,low,C,41.85,13.93,2.49
3.96,94.49,51.84,2389.0,7.81,218.87,61.52,0.506,49.77,0,abrasion,low,C,23.88,21.7,3.57
3.48,93.77,36.99,2433.0,1.26,153.01,61.5,0.261,12.72,0,none,low,B,26.92,15.2,0.83
4.86,74.21,32.18,2421.0,2.43,169.8,59.84,0.295,20.61,0,none,low,B,15.26,13.29,1.43
3.18,76.84,49.56,2693.0,4.55,150.59,56.92,0.111,14.23,0,none,low,B,24.14,18.41,3.02
1.85,113.75,83.63,1608.0,9.58,282.6,79.8,0.735,77.31,1,splice_failure,high,D,61.44,52.0,3.39
3.15,92.9,41.54,1885.0,4.03,204.2,57.09,0.315,14.54,0,none,low,B,29.49,22.03,1.97
2.71,90.21,58.8,3291.0,9.46,243.97,69.15,0.598,34.31,1,edge_damage,medium,C,33.26,17.87,3.88
4.82,85.84,31.09,2386.0,3.81,217.92,55.2,0.376,11.01,0,none,low,B,17.82,13.03,1.75
4.99,84.58,49.12,2821.0,3.61,151.89,54.52,0.19,18.7,0,none,low,B,16.95,17.42,2.38
3.51,74.74,30.76,2122.0,5.43,211.99,61.91,0.339,6.74,0,none,low,A,21.27,14.5,2.56
3.17,102.6,47.06,3460.0,6.94,247.06,68.87,0.354,50.72,0,abrasion,medium,C,32.34,13.6,2.81
4.54,86.65,36.33,3409.0,5.37,206.64,61.41,0.176,16.42,0,none,low,B,19.07,10.66,2.6
3.36,94.99,41.69,2362.0,2.44,198.31,46.14,0.128,0.82,0,none,low,A,28.27,17.65,1.23
4.5,71.56,43.87,1961.0,4.43,228.55,60.9,0.365,23.7,0,none,low,B,15.9,22.37,1.94
4.76,91.3,35.85,2023.0,5.73,208.1,50.05,0.235,19.91,0,none,low,B,19.2,17.72,2.75
4.62,88.84,41.68,2580.0,4.75,208.21,59.49,0.208,10.15,0,none,low,B,19.21,16.16,2.28
3.04,99.77,61.73,2327.0,6.38,203.95,72.71,0.371,38.6,0,splice_wear,low,C,32.85,26.53,3.13
4.31,94.07,41.37,3467.0,5.21,152.88,60.14,0.186,13.99,0,none,low,B,21.82,11.93,3.41
3.87,93.08,32.55,3248.0,1.15,157.27,64.66,0.289,18.68,0,none,low,B,24.04,10.02,0.73
4.34,88.43,41.8,2443.0,5.8,204.09,65.88,0.319,18.39,0,none,low,B,20.36,17.11,2.84
3.9,91.46,33.12,1731.0,2.63,167.64,66.28,0.36,12.49,0,none,low,B,23.46,19.13,1.57
4.79,85.59,49.35,2618.0,2.68,191.52,67.52,0.309,16.8,0,none,low,B,17.88,18.85,1.4
4.86,88.76,34.98,2467.0,2.47,170.7,45.6,0.186,13.85,0,none,low,B,18.27,14.18,1.45
3.71,92.04,41.06,2716.0,3.02,204.12,49.37,0.346,2.92,0,none,low,A,24.82,15.12,1.48
3.85,88.69,40.09,2405.0,1.85,200.95,67.42,0.348,1.5,0,none,low,A,23.02,16.67,0.92
5.31,82.58,42.57,3325.0,5.37,190.15,55.07,0.202,17.98,0,none,low,B,15.54,12.8,2.82
3.62,78.91,31.9,2890.0,4.08,188.63,53.98,0.373,0.73,0,none,low,A,21.77,11.04,2.16
1.62,116.52,83.61,1055.0,13.68,283.23,80.17,0.909,94.18,1,splice_failure,high,D,72.11,79.27,4.83
2.57,88.06,59.57,2399.0,6.86,230.1,73.06,0.334,39.22,0,edge_damage,low,C,34.23,24.83,2.98
4.12,105.79,56.12,3399.0,7.06,208.3,71.98,0.457,47.38,0,splice_wear,low,C,25.7,16.51,3.39
4.02,86.94,32.99,2704.0,4.49,157.24,56.44,0.179,18.11,0,none,low,B,21.64,12.2,2.85
5.23,80.77,32.36,2376.0,3.04,184.31,58.47,0.256,3.74,0,none,low,A,15.44,13.62,1.65
4.82,83.99,35.9,3117.0,2.94,213.68,52.03,0.122,23.32,0,none,low,B,17.41,11.52,1.38
4.98,76.98,42.22,3247.0,1.21,216.45,58.14,0.282,13.08,0,none,low,B,15.45,13.0,0.56
3.02,111.27,60.05,2035.0,7.59,231.77,67.22,0.389,48.86,0,edge_damage,low,C,36.82,29.5,3.27
3.07,93.52,54.65,3439.0,6.79,236.6,66.88,0.391,25.87,0,splice_wear,low,C,30.49,15.89,2.87
5.13,89.96,33.88,1989.0,2.14,177.14,56.46,0.232,5.46,0,none,low,A,17.54,17.03,1.21
3.03,73.85,43.52,1987.0,3.34,197.3,65.4,0.367,18.64,0,none,low,B,24.36,21.9,1.69
4.44,89.66,28.38,2599.0,5.29,187.93,45.09,0.103,10.42,0,none,low,B,20.21,10.92,2.81
4.66,87.72,31.91,3277.0,3.21,161.43,62.58,0.337,15.98,0,none,low,B,18.82,9.74,1.99
2.71,113.02,78.69,2000.0,15.52,257.99,85.37,0.794,66.62,1,splice_failure,high,F,41.77,39.35,6.02
5.5,77.17,34.17,1819.0,1.82,172.81,63.24,0.372,24.38,0,none,low,B,14.04,18.78,1.05
5.2,78.21,30.48,3240.0,4.18,163.18,54.89,0.186,18.42,0,none,low,B,15.03,9.41,2.56
5.47,71.37,35.81,2464.0,3.52,175.27,61.77,0.362,23.47,0,none,low,B,13.04,14.53,2.01
1.88,124.78,67.59,1278.0,11.85,282.72,80.71,0.981,71.89,0,tear,critical,D,66.5,52.88,4.19
4.57,79.13,39.78,3077.0,5.09,226.63,63.96,0.269,4.49,0,none,low,A,17.32,12.93,2.25
3.14,86.66,45.77,2517.0,1.27,192.84,66.52,0.279,20.24,0,none,low,B,27.63,18.18,0.66
2.43,122.43,65.85,872.0,13.66,258.71,94.24,0.645,92.41,1,bearing_failure,critical,F,50.48,75.53,5.28
3.23,103.57,48.19,3936.0,9.57,210.02,62.18,0.326,56.83,0,edge_damage,low,C,32.03,12.24,4.56
4.5,71.79,32.99,3363.0,5.54,212.5,45.45,0.198,15.7,0,none,low,B,15.96,9.81,2.61
5.27,85.85,29.58,3318.0,5.79,156.22,57.24,0.191,9.82,0,none,low,A,16.28,8.92,3.71
4.45,93.95,39.07,1666.0,4.1,177.22,64.69,0.23,4.82,0,none,low,A,21.14,23.45,2.31
4.92,76.64,44.88,1912.0,2.61,187.24,66.69,0.38,5.17,0,none,low,A,15.57,23.48,1.39
3.37,82.75,38.13,3302.0,5.65,180.69,56.31,0.369,20.17,0,none,low,B,24.53,11.55,3.13
3.8,80.54,33.05,1899.0,1.19,201.47,51.04,0.116,5.77,0,none,low,A,21.2,17.4,0.59
1.71,112.48,84.45,1041.0,10.94,270.43,78.46,0.69,94.61,1,splice_failure,critical,F,65.87,81.15,4.04
4.2,111.34,55.99,3312.0,6.91,216.91,73.0,0.559,47.89,0,edge_damage,low,C,26.5,16.9,3.19
4.11,71.23,40.53,2265.0,4.79,174.45,58.64,0.261,0.12,0,none,low,A,17.31,17.89,2.74
3.73,92.06,31.23,2922.0,5.87,213.25,50.59,0.373,2.33,0,none,low,A,24.71,10.69,2.75
5.22,86.03,37.1,2086.0,2.88,190.72,52.34,0.391,23.33,0,none,low,B,16.48,17.79,1.51
3.88,112.08,62.01,2829.0,5.56,204.54,70.39,0.493,54.74,0,abrasion,low,C,28.87,21.92,2.72
3.88,73.31,42.79,2517.0,4.61,178.22,52.49,0.242,21.94,0,none,low,B,18.88,17.0,2.58
5.01,79.22,46.8,3104.0,2.74,205.51,48.67,0.369,10.11,0,none,low,B,15.81,15.08,1.34
4.76,90.52,33.2,2823.0,2.96,179.5,60.87,0.216,8.65,0,none,low,A,19.0,11.76,1.65
3.85,92.46,45.31,2334.0,8.03,242.55,60.38,0.311,56.59,0,abrasion,medium,C,24.0,19.42,3.31
4.22,106.01,53.04,2153.0,8.66,237.01,60.05,0.303,53.31,0,edge_damage,low,C,25.14,24.64,3.66
5.16,92.92,49.93,1807.0,5.31,171.28,58.59,0.252,0.45,0,none,low,A,18.01,27.63,3.1
3.88,108.55,60.91,2271.0,7.24,249.77,65.45,0.44,34.55,0,abrasion,medium,C,28.0,26.82,2.9
5.25,92.77,48.75,2540.0,4.39,212.28,48.01,0.28,0.86,0,none,low,A,17.67,19.19,2.07
3.39,74.57,36.03,2365.0,4.12,155.95,56.58,0.155,14.35,0,none,low,B,22.02,15.24,2.64
4.39,88.46,35.38,3030.0,3.16,188.73,59.91,0.106,16.35,0,none,low,B,20.14,11.68,1.68
3.77,72.14,30.0,3346.0,4.45,160.17,53.2,0.278,20.89,0,none,low,B,19.11,8.96,2.78
3.59,92.24,28.2,1903.0,5.8,199.07,51.02,0.12,0.7,0,none,low,A,25.68,14.82,2.91
5.2,80.4,43.85,3337.0,3.04,165.3,56.89,0.372,20.11,0,none,low,B,15.45,13.14,1.84
4.73,84.3,47.96,1745.0,3.67,220.36,54.43,0.245,1.76,0,none,low,A,17.82,27.49,1.67
3.81,93.63,34.22,2422.0,4.36,162.97,56.19,0.322,21.67,0,none,low,B,24.57,14.13,2.67
4.67,73.16,48.81,1765.0,4.87,171.19,66.47,0.316,18.85,0,none,low,B,15.66,27.65,2.85
4.11,85.45,44.94,1708.0,5.81,221.22,51.22,0.347,12.96,0,none,low,B,20.8,26.31,2.63
3.79,84.52,44.06,2322.0,4.15,205.95,61.36,0.116,21.49,0,none,low,B,22.32,18.98,2.01
3.66,76.04,38.63,3274.0,2.89,209.98,47.23,0.243,24.79,0,none,low,B,20.8,11.8,1.38
3.5,92.01,53.19,3560.0,8.86,213.69,76.6,0.478,38.3,0,edge_damage,medium,C,26.27,14.94,4.14
4.22,82.62,31.88,3125.0,3.71,160.49,62.62,0.38,23.68,0,none,low,B,19.6,10.2,2.31
3.34,82.96,30.48,3368.0,1.92,170.22,54.35,0.215,19.87,0,none,low,B,24.85,9.05,1.13
3.43,76.68,39.2,1795.0,4.06,195.26,61.44,0.381,22.81,0,none,low,B,22.38,21.84,2.08
2.76,94.07,62.9,3944.0,9.3,206.6,77.05,0.427,25.33,0,edge_damage,low,C,34.04,15.95,4.5
2.79,105.88,48.29,3507.0,9.84,246.77,60.4,0.48,49.34,1,edge_damage,low,C,38.01,13.77,3.99
4.34,74.23,35.09,2380.0,5.17,224.35,59.45,0.218,6.35,0,none,low,A,17.11,14.74,2.3
2.81,123.57,68.14,1780.0,12.68,272.87,89.9,0.54,61.85,1,bearing_failure,high,F,43.94,38.27,4.65
5.41,86.04,28.52,2360.0,5.38,174.12,47.17,0.328,15.15,0,none,low,B,15.9,12.08,3.09
3.13,73.51,41.7,1916.0,3.52,193.59,51.52,0.385,21.06,0,none,low,B,23.46,21.77,1.82
2.71,99.78,48.21,3957.0,5.79,229.25,66.55,0.492,29.52,0,abrasion,low,C,36.79,12.19,2.53
3.18,76.42,43.71,2460.0,3.01,162.12,55.16,0.331,6.6,0,none,low,A,24.03,17.77,1.86
4.67,94.32,41.35,1740.0,2.6,219.41,50.35,0.282,10.07,0,none,low,B,20.19,23.77,1.19
5.03,88.57,42.56,1973.0,1.49,196.09,57.73,0.157,1.41,0,none,low,A,17.6,21.57,0.76
5.48,89.59,48.28,1890.0,5.8,161.41,56.71,0.349,8.75,0,none,low,A,16.34,25.55,3.6
3.32,73.07,41.63,2851.0,4.89,194.53,59.85,0.104,4.05,0,none,low,A,22.01,14.6,2.51
3.86,90.28,59.33,3412.0,6.17,216.18,71.79,0.417,31.81,1,abrasion,low,C,23.4,17.39,2.85
0.76,120.82,72.98,1158.0,12.8,270.88,80.26,0.582,73.79,1,splice_failure,high,D,158.09,63.04,4.73
3.44,94.68,40.35,2875.0,2.63,157.58,67.45,0.186,10.6,0,none,low,B,27.55,14.03,1.67
3.06,90.26,39.8,2056.0,1.31,163.0,65.59,0.306,6.25,0,none,low,A,29.48,19.36,0.8
4.73,84.31,36.9,2227.0,2.08,203.57,67.33,0.153,14.93,0,none,low,B,17.84,16.57,1.02
4.12,76.35,46.15,2471.0,3.72,174.38,49.18,0.126,17.85,0,none,low,B,18.55,18.68,2.13
4.73,79.76,37.15,2438.0,2.84,158.05,52.12,0.299,16.64,0,none,low,B,16.88,15.23,1.8
4.15,74.84,32.63,1546.0,5.48,166.86,50.23,0.184,3.19,0,none,low,A,18.03,21.1,3.29
3.19,73.36,42.18,2179.0,4.54,194.59,50.89,0.295,2.91,0,none,low,A,23.01,19.36,2.33
4.09,76.7,41.29,3243.0,5.99,198.62,54.31,0.168,6.43,0,none,low,A,18.74,12.73,3.02
3.92,92.85,36.1,2247.0,2.92,216.93,59.97,0.284,8.35,0,none,low,A,23.7,16.07,1.34
4.24,100.38,52.97,2994.0,8.34,200.77,75.69,0.434,37.0,0,splice_wear,low,C,23.67,17.69,4.15
4.26,109.39,64.16,3768.0,9.67,251.52,72.48,0.351,34.51,0,abrasion,low,C,25.71,17.03,3.84
5.17,93.82,36.91,2513.0,5.86,172.1,63.22,0.168,17.04,0,none,low,B,18.15,14.69,3.4
5.21,84.04,32.09,1949.0,3.47,226.93,62.7,0.246,8.44,0,none,low,A,16.13,16.47,1.53
4.87,89.6,35.14,2942.0,4.29,226.73,66.42,0.337,18.08,0,none,low,B,18.39,11.94,1.89
5.11,80.69,33.99,2268.0,5.18,161.89,55.49,0.248,0.92,0,none,low,A,15.77,14.98,3.2
5.07,90.77,34.43,3250.0,4.86,183.43,62.21,0.388,11.47,0,none,low,B,17.91,10.6,2.65
5.35,85.09,30.32,2645.0,3.5,218.45,57.21,0.177,16.89,0,none,low,B,15.89,11.46,1.6
3.58,84.34,46.07,1557.0,4.15,177.97,51.73,0.218,8.55,0,none,low,A,23.54,29.59,2.33
3.97,87.82,64.03,3245.0,8.53,217.88,67.42,0.367,57.64,0,splice_wear,medium,C,22.14,19.73,3.92
3.94,105.28,59.11,2978.0,6.91,213.32,74.84,0.483,40.55,1,abrasion,low,C,26.72,19.85,3.24
2.72,124.31,69.36,1078.0,15.61,271.32,78.52,0.893,71.88,1,tear,high,D,45.75,64.36,5.75
4.56,78.41,32.65,2126.0,1.89,222.15,54.14,0.174,11.21,0,none,low,B,17.19,15.35,0.85
4.86,94.28,37.64,3222.0,3.83,162.58,60.88,0.254,16.27,0,none,low,B,19.4,11.68,2.36
4.3,107.52,54.77,3206.0,6.63,259.02,72.01,0.313,36.43,0,splice_wear,low,C,24.99,17.08,2.56
4.13,78.32,37.64,2025.0,1.82,205.13,56.84,0.16,7.99,0,none,low,A,18.99,18.59,0.89
3.18,73.69,29.61,3125.0,4.76,210.27,61.48,0.301,11.92,0,none,low,B,23.17,9.48,2.26
3.1,85.54,45.11,2501.0,2.79,172.19,59.78,0.308,21.77,0,none,low,B,27.63,18.04,1.62
4.92,84.03,47.42,2556.0,3.59,196.23,62.23,0.389,1.84,0,none,low,A,17.06,18.56,1.83
5.34,83.25,41.53,2465.0,1.47,211.45,62.19,0.194,7.66,0,none,low,A,15.58,16.85,0.69
4.26,92.7,56.86,3872.0,8.39,224.87,72.41,0.403,34.7,1,abrasion,medium,C,21.75,14.68,3.73
3.89,71.23,28.68,2608.0,4.81,192.99,64.34,0.11,9.17,0,none,low,A,18.32,11.0,2.49
4.12,71.81,48.99,1947.0,5.61,184.07,67.67,0.266,23.27,0,none,low,B,17.44,25.17,3.05
4.87,92.58,31.07,1692.0,3.12,224.69,57.47,0.258,3.53,0,none,low,A,19.01,18.36,1.39
5.03,72.19,41.94,3329.0,2.04,203.22,46.81,0.281,4.1,0,none,low,A,14.37,12.6,1.01
3.43,102.98,48.43,3483.0,6.51,239.74,62.85,0.506,29.49,0,abrasion,medium,C,30.05,13.9,2.72
4.26,111.75,48.93,3228.0,5.44,223.49,72.84,0.498,46.86,0,splice_wear,low,C,26.21,15.16,2.43
4.8,82.6,43.59,1998.0,2.62,176.74,45.59,0.202,20.08,0,none,low,B,17.22,21.82,1.48
1.64,100.92,81.98,816.0,17.5,284.25,81.84,0.962,60.93,1,splice_failure,high,F,61.59,100.51,6.16
2.83,106.1,63.67,1827.0,15.13,263.06,80.39,0.9,77.25,1,splice_failure,critical,D,37.43,34.85,5.75
4.8,91.36,33.65,1542.0,2.12,154.52,47.38,0.229,5.75,0,none,low,A,19.04,21.83,1.37
3.63,93.51,47.93,2634.0,2.77,180.49,54.47,0.318,11.29,0,none,low,B,25.73,18.2,1.54
1.34,116.82,62.38,1041.0,12.72,264.43,92.53,0.579,77.32,1,joint_rupture,critical,D,87.19,59.94,4.81
4.03,75.91,44.06,1763.0,4.4,217.4,50.25,0.36,0.83,0,none,low,A,18.85,24.98,2.02
3.79,92.5,61.73,3025.0,5.68,234.26,67.34,0.498,55.87,0,splice_wear,medium,C,24.4,20.41,2.42
4.44,80.06,36.24,1866.0,3.15,228.76,51.85,0.28,19.41,0,none,low,B,18.04,19.42,1.38
3.72,111.14,45.31,2871.0,6.12,223.32,67.49,0.524,28.28,0,splice_wear,low,C,29.86,15.78,2.74
4.83,79.59,48.79,2464.0,3.86,216.04,51.33,0.123,17.69,0,none,low,B,16.48,19.8,1.78
5.24,94.57,36.78,2331.0,3.04,175.96,62.98,0.328,11.97,0,none,low,B,18.04,15.78,1.73
3.77,77.31,45.84,1675.0,5.03,203.53,61.85,0.23,16.99,0,none,low,B,20.48,27.37,2.47
4.92,81.17,38.4,2787.0,1.54,184.9,67.35,0.111,7.9,0,none,low,A,16.49,13.78,0.83
4.58,72.65,41.83,1690.0,1.47,208.25,52.46,0.393,0.93,0,none,low,A,15.85,24.75,0.71
3.28,78.78,49.96,3278.0,1.24,195.06,59.9,0.163,3.63,0,none,low,A,24.0,15.24,0.64
2.98,123.69,76.59,1215.0,10.54,255.53,88.87,0.892,91.41,1,splice_failure,critical,D,41.51,63.04,4.13
3.1,91.97,34.93,1758.0,3.34,197.86,45.71,0.182,0.82,0,none,low,A,29.7,19.87,1.69
5.24,94.57,42.02,1823.0,5.53,191.3,48.54,0.377,18.94,0,none,low,B,18.05,23.04,2.89
1.0,106.33,77.21,1064.0,12.95,304.74,90.68,0.727,90.1,1,tear,critical,F,106.24,72.59,4.25
1.9,128.83,75.68,1111.0,11.63,299.37,89.71,0.652,73.12,1,bearing_failure,high,D,67.82,68.1,3.89
4.89,76.43,43.26,1579.0,5.2,185.85,59.64,0.166,16.93,0,none,low,B,15.63,27.39,2.8
3.74,98.69,62.88,2996.0,9.21,248.08,67.39,0.369,39.21,1,abrasion,low,C,26.42,20.99,3.71
5.02,78.84,42.13,1991.0,1.55,213.55,47.28,0.181,21.38,0,none,low,B,15.72,21.16,0.72
5.43,94.49,33.9,1582.0,4.53,186.08,47.32,0.312,0.78,0,none,low,A,17.39,21.43,2.43
2.75,90.27,64.21,3386.0,9.01,223.86,66.05,0.37,41.82,0,splice_wear,medium,C,32.77,18.96,4.02
5.37,74.24,49.24,1530.0,3.41,176.67,55.33,0.271,10.89,0,none,low,B,13.82,32.19,1.93
4.83,87.15,46.33,2000.0,4.05,196.82,53.5,0.246,7.84,0,none,low,A,18.04,23.17,2.06
3.53,72.64,43.03,2821.0,5.75,208.37,46.2,0.365,21.57,0,none,low,B,20.55,15.25,2.76
4.46,94.4,39.71,3311.0,1.42,165.28,55.14,0.275,20.41,0,none,low,B,21.14,11.99,0.86
2.59,109.04,57.09,2397.0,7.47,244.54,73.87,0.45,35.68,1,abrasion,medium,C,42.02,23.82,3.06
3.7,88.28,33.33,1843.0,3.65,173.2,59.46,0.135,16.37,0,none,low,B,23.85,18.08,2.11
3.0,73.17,48.54,3235.0,2.17,212.27,59.0,0.391,9.34,0,none,low,A,24.39,15.01,1.02
3.16,79.91,49.2,2578.0,2.44,159.62,61.18,0.293,9.35,0,none,low,A,25.3,19.09,1.53
3.11,112.63,51.42,2505.0,7.67,249.43,61.86,0.583,52.83,0,edge_damage,medium,C,36.25,20.53,3.08
4.01,89.58,49.18,1753.0,3.1,188.48,53.66,0.209,1.31,0,none,low,A,22.36,28.05,1.65
4.09,74.87,45.95,3105.0,3.43,173.88,59.68,0.186,5.9,0,none,low,A,18.3,14.8,1.97
2.69,85.2,48.06,2138.0,9.98,217.33,62.69,0.372,57.76,0,edge_damage,low,C,31.68,22.48,4.59
3.17,91.22,52.56,2633.0,8.39,217.37,70.39,0.32,31.7,0,edge_damage,low,C,28.78,19.96,3.86
4.66,76.38,30.79,1617.0,2.53,162.61,49.0,0.328,0.4,0,none,low,A,16.39,19.04,1.55
3.95,82.66,40.38,2127.0,2.48,208.67,65.04,0.158,2.44,0,none,low,A,20.93,18.99,1.19
3.6,95.79,47.52,3179.0,7.63,212.18,68.13,0.539,45.66,0,abrasion,low,C,26.59,14.95,3.59
2.6,85.16,51.56,3321.0,8.65,227.2,72.32,0.408,48.37,0,splice_wear,medium,C,32.77,15.53,3.81
2.29,106.13,66.18,1995.0,9.93,262.65,77.6,0.664,67.99,1,splice_failure,critical,F,46.34,33.17,3.78
5.04,70.35,42.46,2230.0,4.06,205.68,52.88,0.132,1.74,0,none,low,A,13.95,19.04,1.97
4.3,88.56,39.21,2345.0,2.99,152.12,52.72,0.393,21.84,0,none,low,B,20.59,16.72,1.97
4.47,91.18,37.71,1536.0,1.37,190.83,67.3,0.308,1.77,0,none,low,A,20.4,24.55,0.72
4.93,91.04,41.59,2789.0,1.14,216.28,63.13,0.178,17.72,0,none,low,B,18.47,14.91,0.53
3.1,75.03,31.93,2175.0,3.09,190.68,55.97,0.181,0.73,0,none,low,A,24.2,14.68,1.62
3.99,77.47,47.07,2993.0,5.29,189.6,48.01,0.309,5.15,0,none,low,A,19.42,15.73,2.79
3.16,90.63,30.77,3306.0,5.32,187.17,62.12,0.286,20.08,0,none,low,B,28.66,9.31,2.84
4.96,81.56,48.7,2473.0,3.31,212.81,63.9,0.266,4.49,0,none,low,A,16.43,19.7,1.56
5.42,88.82,45.85,1566.0,3.34,201.73,64.09,0.115,21.31,0,none,low,B,16.39,29.28,1.66
3.49,77.93,34.2,2562.0,1.26,162.68,63.69,0.14,5.83,0,none,low,A,22.31,13.35,0.77
4.29,89.09,37.84,3080.0,4.09,159.05,48.6,0.231,9.92,0,none,low,A,20.75,12.29,2.57
1.47,105.12,65.67,1491.0,12.81,286.04,78.41,0.831,92.4,1,bearing_failure,critical,F,71.5,44.06,4.48
3.44,113.69,60.33,3939.0,8.73,210.54,61.16,0.473,37.52,0,splice_wear,low,C,33.04,15.32,4.15
5.33,84.58,39.84,2409.0,2.05,150.3,50.55,0.253,9.5,0,none,low,A,15.87,16.54,1.36
5.45,78.76,37.95,1767.0,1.24,212.03,58.13,0.328,3.75,0,none,low,A,14.45,21.48,0.58
3.63,75.7,28.25,1761.0,2.55,159.35,67.67,0.193,3.26,0,none,low,A,20.83,16.05,1.6
4.47,71.6,46.97,3423.0,2.23,186.01,45.51,0.292,10.35,0,none,low,B,16.02,13.72,1.2
3.52,86.35,37.16,1859.0,4.45,195.21,64.75,0.135,19.64,0,none,low,B,24.55,19.98,2.28
3.29,87.37,37.71,3390.0,1.71,201.43,53.79,0.387,8.25,0,none,low,A,26.58,11.13,0.85
1.18,124.11,84.89,1103.0,12.93,286.41,80.9,0.508,68.36,1,bearing_failure,critical,D,105.54,76.95,4.51
2.19,115.68,79.55,987.0,12.53,284.3,77.21,0.71,72.03,0,tear,high,F,52.75,80.61,4.41
3.58,74.53,45.83,1770.0,3.34,225.09,49.27,0.393,24.86,0,none,low,B,20.82,25.89,1.49
3.43,77.9,37.34,2119.0,2.4,227.78,48.53,0.32,0.01,0,none,low,A,22.74,17.62,1.06
5.29,77.2,32.08,2803.0,4.56,205.04,52.34,0.176,23.9,0,none,low,B,14.59,11.44,2.23
4.19,98.57,53.49,2314.0,7.13,232.25,60.41,0.433,52.35,0,abrasion,low,C,23.51,23.12,3.07
3.98,80.17,40.69,1804.0,1.88,172.83,66.99,0.32,16.54,0,none,low,B,20.17,22.55,1.09
4.22,102.84,51.71,3632.0,9.01,250.74,62.08,0.591,58.59,0,abrasion,low,C,24.38,14.24,3.59
5.48,84.08,35.85,2076.0,2.28,203.13,54.65,0.39,17.1,0,none,low,B,15.34,17.26,1.12
2.66,99.63,51.29,2404.0,9.76,226.64,63.14,0.36,34.82,1,edge_damage,low,C,37.48,21.33,4.31
4.65,77.35,32.75,1817.0,2.56,158.47,45.43,0.341,3.45,0,none,low,A,16.64,18.02,1.62
1.84,109.29,63.63,1684.0,14.41,295.88,75.17,0.964,62.52,1,tear,high,D,59.24,37.78,4.87
4.79,91.53,31.4,2403.0,3.04,205.0,50.75,0.292,21.94,0,none,low,B,19.13,13.07,1.48
5.28,94.83,30.33,1966.0,5.75,226.67,47.25,0.104,4.03,0,none,low,A,17.97,15.43,2.54
3.51,110.45,45.41,3209.0,6.39,251.74,65.1,0.506,48.6,0,abrasion,medium,C,31.51,14.15,2.54
3.72,90.22,45.61,2414.0,4.03,198.34,64.02,0.228,6.89,0,none,low,A,24.23,18.89,2.03
4.34,81.23,37.68,1682.0,4.59,167.1,49.53,0.224,5.69,0,none,low,A,18.71,22.4,2.75
3.93,81.22,39.82,1907.0,1.78,220.43,54.98,0.224,0.89,0,none,low,A,20.67,20.88,0.81
4.39,83.97,43.55,1855.0,2.26,214.86,66.78,0.141,12.44,0,none,low,B,19.15,23.48,1.05
3.15,78.14,31.16,2920.0,3.67,161.51,45.21,0.342,4.4,0,none,low,A,24.8,10.67,2.27
3.84,84.64,34.94,1674.0,2.11,165.04,54.84,0.297,6.6,0,none,low,A,22.03,20.88,1.28
4.3,85.14,49.18,2679.0,3.36,195.87,66.34,0.349,8.07,0,none,low,A,19.81,18.36,1.71
3.66,82.61,44.37,2506.0,1.34,207.89,63.54,0.187,16.6,0,none,low,B,22.59,17.7,0.64
5.22,91.13,39.56,2883.0,5.42,189.66,52.2,0.326,5.5,0,none,low,A,17.45,13.72,2.86
5.16,88.11,36.88,1929.0,2.78,172.73,49.05,0.323,6.3,0,none,low,A,17.06,19.12,1.61
3.96,94.55,36.6,1660.0,1.45,197.26,58.79,0.226,10.8,0,none,low,B,23.85,22.05,0.73
4.29,82.62,31.29,1708.0,1.62,158.08,59.02,0.159,6.29,0,none,low,A,19.25,18.32,1.02
5.39,91.37,33.07,2155.0,2.05,189.35,45.45,0.301,13.08,0,none,low,B,16.94,15.35,1.08
4.11,108.76,47.54,2797.0,5.85,215.28,64.74,0.467,39.4,1,abrasion,medium,C,26.47,17.0,2.72
4.05,95.17,47.86,3716.0,6.54,239.53,70.2,0.442,42.35,1,abrasion,low,C,23.52,12.88,2.73
5.24,71.44,31.09,2933.0,3.19,182.28,48.15,0.252,3.16,0,none,low,A,13.64,10.6,1.75
4.91,76.46,38.58,3484.0,4.43,217.31,54.54,0.33,1.01,0,none,low,A,15.57,11.07,2.04
3.51,80.05,46.61,2193.0,4.27,206.75,58.48,0.207,14.43,0,none,low,B,22.82,21.26,2.07
3.21,94.82,30.8,1645.0,5.39,174.15,59.96,0.199,9.79,0,none,low,A,29.54,18.73,3.1
3.86,80.27,43.85,2523.0,5.72,153.35,56.57,0.275,23.0,0,none,low,B,20.81,17.38,3.73
4.43,91.34,33.32,3253.0,1.1,208.6,66.46,0.297,10.98,0,none,low,B,20.6,10.24,0.53
5.3,81.76,28.64,2880.0,3.41,159.95,49.93,0.119,14.36,0,none,low,B,15.43,9.94,2.13
4.26,90.43,46.94,2731.0,1.06,205.62,54.61,0.27,16.23,0,none,low,B,21.21,17.19,0.52
5.29,73.35,42.77,1509.0,5.62,159.0,47.18,0.2,9.34,0,none,low,A,13.86,28.35,3.54
4.46,81.07,28.75,2139.0,5.05,205.18,61.67,0.309,7.77,0,none,low,A,18.17,13.44,2.46
3.68,90.79,49.57,2488.0,1.05,161.2,52.41,0.274,1.88,0,none,low,A,24.66,19.93,0.65
4.33,108.42,60.11,3213.0,8.13,238.28,71.32,0.466,59.52,1,edge_damage,medium,C,25.07,18.71,3.41
3.21,82.07,39.31,3158.0,3.22,195.67,57.12,0.111,15.38,0,none,low,B,25.57,12.45,1.65
3.69,102.81,48.28,2247.0,9.9,223.62,64.09,0.351,48.37,0,edge_damage,medium,C,27.87,21.49,4.43
5.23,79.73,34.89,2425.0,2.95,219.09,66.37,0.191,21.6,0,none,low,B,15.23,14.39,1.35
1.11,117.31,66.86,1789.0,9.05,289.54,81.78,0.661,84.51,1,joint_rupture,critical,D,105.27,37.38,3.12
3.78,104.64,64.08,3550.0,9.02,231.9,63.36,0.428,44.23,0,splice_wear,low,C,27.71,18.05,3.89
3.66,74.21,43.26,2791.0,4.44,179.8,51.04,0.328,19.34,0,none,low,B,20.26,15.5,2.47
4.53,79.34,43.44,3171.0,4.44,191.01,55.55,0.293,17.0,0,none,low,B,17.51,13.7,2.33
4.56,72.41,48.94,3082.0,2.87,195.03,46.09,0.112,6.27,0,none,low,A,15.87,15.88,1.47
5.13,83.98,39.71,2305.0,1.81,159.47,62.5,0.378,11.46,0,none,low,B,16.37,17.23,1.13
5.29,72.25,44.95,2734.0,3.99,173.4,60.73,0.338,2.82,0,none,low,A,13.67,16.44,2.3
3.25,91.81,39.17,3116.0,2.84,160.01,45.95,0.184,6.11,0,none,low,A,28.22,12.57,1.78
3.05,83.01,36.62,2654.0,4.51,200.73,67.65,0.141,10.74,0,none,low,B,27.18,13.8,2.25
4.04,86.59,38.78,2535.0,3.16,229.34,66.33,0.192,2.79,0,none,low,A,21.42,15.3,1.38
1.23,110.73,83.54,1653.0,11.66,290.67,93.88,0.906,88.19,1,bearing_failure,high,F,89.92,50.53,4.01
4.26,70.76,30.9,3273.0,4.76,183.83,56.89,0.211,18.52,0,none,low,B,16.6,9.44,2.59
2.31,106.14,68.45,1364.0,11.98,302.85,81.59,0.569,75.16,1,bearing_failure,high,D,46.02,50.19,3.95
3.09,72.55,41.23,3248.0,1.6,186.09,65.95,0.344,12.99,0,none,low,B,23.5,12.7,0.86
0.9,103.74,64.71,1221.0,17.37,305.98,83.66,0.747,70.09,1,bearing_failure,high,D,115.88,52.99,5.68
3.81,81.89,41.26,3472.0,5.69,218.97,65.45,0.24,16.44,0,none,low,B,21.47,11.88,2.6
4.42,97.47,57.02,3420.0,9.75,214.68,73.43,0.456,34.4,1,abrasion,low,C,22.04,16.67,4.54
3.81,82.03,41.58,2310.0,1.99,226.93,56.76,0.32,10.28,0,none,low,B,21.55,18.0,0.88
4.02,80.23,39.97,2587.0,3.49,160.78,56.41,0.151,3.15,0,none,low,A,19.97,15.45,2.17
2.15,112.05,82.72,1566.0,15.92,275.8,94.2,0.91,92.45,0,tear,high,D,52.15,52.84,5.77
4.1,70.76,44.95,2744.0,4.01,193.68,58.58,0.38,0.21,0,none,low,A,17.27,16.38,2.07
3.48,74.18,31.99,2844.0,3.3,229.34,50.22,0.193,24.61,0,none,low,B,21.32,11.25,1.44
3.61,110.3,54.62,2412.0,9.14,232.27,62.75,0.452,39.46,1,edge_damage,medium,C,30.56,22.64,3.94
5.33,71.9,39.02,2874.0,4.96,196.64,65.91,0.383,1.61,0,none,low,A,13.48,13.58,2.52
3.06,78.24,39.81,3322.0,5.23,160.2,47.14,0.277,13.3,0,none,low,B,25.58,11.99,3.27
5.25,93.18,36.86,3281.0,2.92,208.95,55.95,0.137,23.2,0,none,low,B,17.75,11.23,1.4
4.84,79.18,28.42,1701.0,3.48,205.2,52.7,0.309,17.47,0,none,low,B,16.37,16.7,1.7
4.33,99.68,54.01,2399.0,6.54,202.54,71.4,0.375,35.65,1,splice_wear,medium,C,23.02,22.51,3.23
3.42,89.37,30.85,2408.0,3.53,204.99,59.57,0.343,1.12,0,none,low,A,26.11,12.82,1.72
3.7,73.65,34.36,2120.0,3.61,203.1,53.77,0.316,8.4,0,none,low,A,19.9,16.21,1.78
4.35,70.59,29.76,2336.0,5.71,207.72,47.03,0.354,18.31,0,none,low,B,16.22,12.74,2.75
5.05,80.1,32.87,2524.0,3.74,193.07,58.0,0.385,22.56,0,none,low,B,15.86,13.02,1.94
2.86,102.95,66.63,1394.0,16.62,285.36,89.96,0.569,69.59,1,tear,high,D,36.02,47.79,5.82
3.87,87.82,40.21,3308.0,4.01,189.44,63.07,0.384,8.9,0,none,low,A,22.7,12.15,2.12
4.54,82.47,49.76,2425.0,1.37,228.19,64.4,0.153,22.62,0,none,low,B,18.16,20.52,0.6
3.94,92.66,39.66,1776.0,2.85,207.77,49.01,0.277,17.38,0,none,low,B,23.5,22.34,1.37
4.73,92.11,38.39,2266.0,2.26,198.34,65.24,0.197,9.91,0,none,low,A,19.45,16.94,1.14
4.4,75.71,46.09,2091.0,4.53,191.06,58.48,0.154,18.38,0,none,low,B,17.2,22.04,2.37
3.28,83.67,43.6,1600.0,1.35,214.21,63.61,0.174,15.38,0,none,low,B,25.48,27.25,0.63
4.58,91.57,29.76,3056.0,3.47,195.13,60.04,0.377,1.42,0,none,low,A,19.99,9.74,1.78
3.45,94.66,43.73,2729.0,1.24,220.33,63.69,0.299,8.48,0,none,low,A,27.47,16.02,0.56
4.45,87.99,30.07,2768.0,2.43,211.14,57.41,0.139,13.16,0,none,low,B,19.77,10.87,1.15
3.45,91.04,28.24,2124.0,1.06,157.68,51.83,0.116,14.92,0,none,low,B,26.38,13.3,0.67
4.75,71.32,29.3,2111.0,5.48,201.31,62.71,0.142,20.85,0,none,low,B,15.0,13.88,2.72
3.53,85.4,36.26,3468.0,1.15,229.89,59.34,0.268,1.49,0,none,low,A,24.18,10.45,0.5
5.31,78.86,42.56,3499.0,2.32,196.09,61.02,0.149,3.72,0,none,low,A,14.85,12.16,1.18
3.96,87.86,29.53,3444.0,1.07,198.11,57.94,0.14,3.77,0,none,low,A,22.16,8.57,0.54
1.21,113.14,68.87,887.0,15.06,307.76,81.1,0.995,62.88,1,bearing_failure,high,F,93.69,77.64,4.89
5.03,93.87,48.37,3319.0,3.56,178.81,55.7,0.307,22.1,0,none,low,B,18.65,14.57,1.99
5.3,90.38,49.53,3261.0,2.4,158.48,47.58,0.187,15.35,0,none,low,B,17.07,15.19,1.51
2.06,100.17,64.66,920.0,12.27,285.09,75.87,0.674,66.81,1,tear,high,D,48.64,70.31,4.3
3.19,81.62,41.54,1690.0,5.75,228.43,57.55,0.385,4.49,0,none,low,A,25.62,24.58,2.52
3.1,84.69,29.36,3417.0,1.71,174.38,63.92,0.166,6.07,0,none,low,A,27.33,8.59,0.98
3.69,75.44,33.59,2481.0,5.83,216.58,51.55,0.209,11.61,0,none,low,B,20.44,13.54,2.69
3.21,106.88,64.28,2311.0,6.14,213.54,60.38,0.481,48.47,0,splice_wear,low,C,33.25,27.81,2.87
3.86,78.7,38.32,2168.0,1.54,161.65,45.77,0.241,23.86,0,none,low,B,20.36,17.67,0.95
5.37,88.33,42.02,2791.0,5.13,158.55,56.61,0.309,14.67,0,none,low,B,16.46,15.06,3.24
3.88,101.02,52.58,2681.0,8.1,253.46,68.93,0.547,39.08,0,edge_damage,low,C,26.03,19.62,3.2
3.95,78.43,43.79,2986.0,1.25,167.69,51.31,0.264,3.61,0,none,low,A,19.85,14.67,0.75
5.36,90.11,31.97,2313.0,2.78,213.28,56.73,0.138,18.47,0,none,low,B,16.81,13.82,1.3
3.66,79.39,38.95,2186.0,2.21,181.88,45.44,0.332,4.27,0,none,low,A,21.71,17.82,1.21
4.63,89.35,45.9,2487.0,2.03,208.98,61.09,0.174,22.59,0,none,low,B,19.28,18.46,0.97
5.46,91.51,43.13,3377.0,4.61,165.24,55.17,0.121,9.74,0,none,low,A,16.77,12.77,2.79
3.16,102.86,62.44,2095.0,6.93,209.49,72.52,0.332,48.27,0,splice_wear,low,C,32.54,29.8,3.31
3.38,85.65,54.67,3002.0,6.61,207.93,66.77,0.502,52.38,0,splice_wear,low,C,25.37,18.21,3.18
3.72,74.05,33.48,1950.0,3.6,195.02,66.73,0.159,16.04,0,none,low,B,19.91,17.17,1.84
1.14,107.88,60.98,1167.0,15.7,253.33,79.39,0.853,89.74,1,tear,high,D,94.84,52.28,6.2
4.06,80.62,31.1,2526.0,3.94,188.12,52.49,0.316,1.87,0,none,low,A,19.86,12.31,2.09
4.42,98.87,53.25,2513.0,5.05,216.49,61.97,0.498,36.17,1,edge_damage,low,C,22.35,21.19,2.33
0.79,112.03,65.17,1040.0,13.56,297.03,93.23,0.751,96.7,1,joint_rupture,critical,F,142.48,62.69,4.56
3.47,91.49,33.67,1953.0,3.4,189.91,49.95,0.182,4.24,0,none,low,A,26.37,17.24,1.79
1.66,121.42,78.4,966.0,17.7,307.47,79.09,0.593,64.78,0,splice_failure,high,F,73.33,81.16,5.76
5.1,80.71,43.98,2520.0,4.11,181.63,62.67,0.228,11.44,0,none,low,B,15.84,17.45,2.26
5.08,86.48,35.68,2841.0,4.21,224.48,64.35,0.294,8.54,0,none,low,A,17.03,12.56,1.88
2.96,107.43,61.99,884.0,14.76,315.75,75.04,0.863,84.97,1,splice_failure,high,F,36.25,70.14,4.67
4.9,94.65,31.97,3032.0,2.69,164.05,54.69,0.338,11.62,0,none,low,B,19.31,10.54,1.64
5.49,79.98,41.54,2230.0,2.96,205.65,66.57,0.263,19.21,0,none,low,B,14.57,18.62,1.44
3.53,82.55,28.44,2006.0,3.59,151.2,51.08,0.254,14.33,0,none,low,B,23.4,14.18,2.37
1.54,127.91,79.62,1040.0,10.18,297.31,86.2,0.895,88.07,1,bearing_failure,critical,D,83.23,76.56,3.42
4.65,70.8,29.83,2087.0,5.39,211.19,45.51,0.251,6.87,0,none,low,A,15.21,14.29,2.55
4.8,91.57,38.46,3489.0,5.9,220.57,58.22,0.219,9.11,0,none,low,A,19.06,11.02,2.67
3.62,87.97,41.28,3333.0,1.25,162.42,63.15,0.208,2.96,0,none,low,A,24.28,12.39,0.77
1.52,124.7,77.02,1748.0,16.34,255.93,87.46,0.503,61.65,1,joint_rupture,high,F,81.94,44.06,6.38
5.16,82.03,29.73,2621.0,2.66,162.4,64.53,0.256,23.33,0,none,low,B,15.91,11.34,1.64
0.51,112.83,64.94,1893.0,10.57,270.02,85.34,0.632,67.97,1,tear,high,D,220.14,34.3,3.91
4.95,88.36,40.64,3145.0,3.81,227.15,50.0,0.314,9.25,0,none,low,A,17.86,12.92,1.68
3.45,83.81,32.74,1901.0,5.95,214.14,62.21,0.338,24.22,0,none,low,B,24.29,17.23,2.78
3.55,91.56,44.34,2329.0,3.37,182.9,66.39,0.203,24.09,0,none,low,B,25.79,19.04,1.84
1.95,111.1,60.46,953.0,15.79,283.01,78.0,0.632,96.02,1,splice_failure,critical,F,56.99,63.43,5.58
5.17,85.12,41.51,2564.0,1.46,185.6,67.99,0.351,22.34,0,none,low,B,16.45,16.19,0.79
2.95,85.09,51.07,2217.0,7.36,240.63,75.74,0.525,57.85,0,abrasion,medium,C,28.8,23.03,3.06
4.07,73.37,48.1,2441.0,3.85,224.25,57.2,0.206,19.93,0,none,low,B,18.03,19.71,1.71
3.8,88.08,45.64,3083.0,5.89,212.93,62.71,0.357,0.0,0,none,low,A,23.2,14.8,2.77
4.84,84.99,31.91,2107.0,2.68,195.43,64.13,0.38,18.75,0,none,low,B,17.55,15.14,1.37
3.28,96.78,57.32,2248.0,7.9,239.91,67.9,0.586,46.29,0,splice_wear,medium,C,29.51,25.49,3.29
3.81,71.99,40.84,3396.0,3.43,222.49,64.21,0.144,17.7,0,none,low,B,18.9,12.03,1.54
3.63,87.17,44.34,1860.0,5.57,210.09,66.47,0.195,23.48,0,none,low,B,24.04,23.84,2.65
3.13,89.07,43.48,2696.0,3.45,152.57,59.37,0.225,14.01,0,none,low,B,28.41,16.13,2.26
5.42,85.1,44.48,3373.0,3.96,150.97,45.79,0.311,6.98,0,none,low,A,15.72,13.19,2.62
3.51,76.76,39.1,3451.0,4.08,224.89,67.07,0.162,7.78,0,none,low,A,21.89,11.33,1.81
1.8,129.8,60.29,1160.0,14.61,282.85,77.33,0.684,60.97,1,tear,critical,D,72.19,52.0,5.16
5.26,80.25,39.55,2454.0,3.24,212.02,57.12,0.195,6.45,0,none,low,A,15.26,16.11,1.53
4.46,75.75,31.26,2808.0,4.41,210.17,56.58,0.368,23.41,0,none,low,B,16.99,11.13,2.1
1.26,129.49,66.85,1043.0,12.98,253.98,94.57,0.794,81.16,1,splice_failure,high,F,102.83,64.09,5.11
3.04,85.45,29.39,1716.0,4.25,175.0,53.0,0.246,24.46,0,none,low,B,28.09,17.13,2.43
3.03,94.08,50.38,3064.0,8.03,229.33,67.34,0.363,41.89,0,splice_wear,low,C,31.04,16.44,3.5
4.58,81.56,40.23,2070.0,1.12,200.0,50.81,0.301,18.68,0,none,low,B,17.8,19.44,0.56
0.53,129.71,77.08,1572.0,9.14,310.29,77.91,0.919,60.59,1,bearing_failure,high,F,246.45,49.02,2.94
4.56,81.51,28.87,1529.0,1.6,201.93,58.04,0.266,0.8,0,none,low,A,17.88,18.88,0.79
5.31,79.94,41.75,3060.0,4.92,191.54,64.73,0.217,22.22,0,none,low,B,15.05,13.64,2.57
3.7,71.33,45.5,2334.0,2.15,168.54,65.73,0.35,13.84,0,none,low,B,19.28,19.49,1.27
4.19,79.79,48.14,1751.0,3.09,177.56,56.46,0.237,12.97,0,none,low,B,19.06,27.49,1.74
4.28,76.06,32.06,1630.0,4.81,184.2,59.41,0.318,16.98,0,none,low,B,17.76,19.67,2.61
3.97,79.4,42.08,2490.0,5.25,219.98,48.92,0.141,15.76,0,none,low,B,20.0,16.9,2.38
3.05,92.22,32.99,3359.0,4.59,211.01,49.63,0.17,13.03,0,none,low,B,30.27,9.82,2.17
3.76,78.04,31.51,1910.0,4.94,163.38,45.65,0.289,24.4,0,none,low,B,20.73,16.5,3.03
3.3,84.26,47.94,3068.0,4.11,175.2,57.46,0.127,16.97,0,none,low,B,25.56,15.63,2.35
1.15,100.55,73.64,1648.0,16.11,263.56,80.24,0.756,72.56,1,splice_failure,high,F,87.36,44.68,6.11
3.19,97.57,45.34,2730.0,6.37,230.36,66.06,0.518,42.85,0,edge_damage,low,C,30.55,16.61,2.76
5.1,93.29,35.09,3352.0,4.97,223.79,60.32,0.171,22.36,0,none,low,B,18.3,10.47,2.22
3.53,76.78,34.69,2529.0,4.57,224.1,47.03,0.386,23.03,0,none,low,B,21.73,13.72,2.04
3.9,90.33,41.45,3058.0,4.6,189.74,45.95,0.275,1.21,0,none,low,A,23.16,13.56,2.42
5.0,84.62,49.93,2412.0,4.74,203.38,67.8,0.314,4.1,0,none,low,A,16.92,20.7,2.33
0.65,119.73,82.08,1492.0,12.19,307.46,90.65,0.772,65.87,1,splice_failure,critical,D,184.67,55.0,3.96
4.5,92.76,59.48,3816.0,6.18,254.5,65.57,0.593,34.84,1,abrasion,low,C,20.63,15.59,2.43
1.69,106.7,77.64,1029.0,13.98,267.73,94.11,0.514,67.59,1,joint_rupture,high,F,62.96,75.45,5.22
4.38,77.25,41.5,2208.0,2.67,153.04,48.38,0.375,24.96,0,none,low,B,17.65,18.8,1.74
3.3,107.19,64.37,2911.0,9.15,258.5,75.72,0.368,25.28,0,abrasion,low,C,32.43,22.11,3.54
4.91,81.76,34.98,2745.0,4.26,211.55,48.6,0.322,14.99,0,none,low,B,16.64,12.74,2.02
4.94,79.58,35.27,2396.0,2.73,177.06,63.59,0.137,24.27,0,none,low,B,16.1,14.72,1.54
3.46,73.28,41.01,2766.0,1.27,169.44,63.3,0.115,21.38,0,none,low,B,21.2,14.83,0.75
4.09,78.66,28.42,3150.0,1.71,174.76,58.09,0.174,12.43,0,none,low,B,19.25,9.02,0.98
4.4,110.43,51.66,2800.0,7.12,237.57,65.16,0.591,46.3,0,abrasion,medium,C,25.11,18.45,3.0
5.04,84.2,28.92,1854.0,5.32,195.03,66.86,0.122,7.38,0,none,low,A,16.69,15.6,2.73
4.38,79.57,31.46,2786.0,3.68,171.98,56.03,0.324,5.13,0,none,low,A,18.15,11.29,2.14
3.87,88.67,46.63,2253.0,2.48,221.16,67.99,0.301,24.75,0,none,low,B,22.94,20.7,1.12
4.83,79.72,37.53,1788.0,5.11,224.48,59.34,0.203,3.85,0,none,low,A,16.49,20.98,2.28
3.64,85.34,48.79,1597.0,1.01,198.01,51.53,0.364,8.18,0,none,low,A,23.45,30.56,0.51
3.67,73.62,40.79,1836.0,3.12,186.88,45.47,0.105,13.01,0,none,low,B,20.04,22.21,1.67
5.36,74.48,30.27,1604.0,3.18,199.85,64.33,0.305,5.21,0,none,low,A,13.91,18.87,1.59
5.28,78.17,38.97,3417.0,4.67,209.82,50.8,0.224,2.06,0,none,low,A,14.82,11.4,2.23
3.26,90.9,45.92,2567.0,1.71,152.05,63.32,0.28,17.77,0,none,low,B,27.89,17.89,1.12
4.27,88.68,38.18,2703.0,4.95,167.22,46.52,0.26,1.55,0,none,low,A,20.75,14.12,2.96
2.7,119.19,61.68,1104.0,16.27,261.7,88.97,0.89,72.54,1,tear,critical,F,44.07,55.88,6.22
1.84,120.37,81.84,1319.0,12.71,303.5,86.65,0.536,93.9,0,tear,critical,F,65.58,62.06,4.19
3.1,108.87,51.72,2006.0,9.8,235.53,74.75,0.548,27.32,0,abrasion,low,C,35.07,25.78,4.16
4.65,85.58,38.88,1923.0,2.91,193.49,55.76,0.138,16.24,0,none,low,B,18.42,20.22,1.5
3.95,87.75,28.44,2640.0,2.67,150.71,49.38,0.382,13.03,0,none,low,B,22.24,10.77,1.77
1.86,111.76,67.75,1102.0,12.09,282.19,78.84,0.612,70.32,1,bearing_failure,critical,F,60.09,61.49,4.28
5.06,80.25,49.8,2445.0,3.77,192.38,52.4,0.123,22.39,0,none,low,B,15.86,20.37,1.96
4.05,103.78,53.18,2508.0,9.3,242.01,69.86,0.483,28.19,0,abrasion,medium,C,25.6,21.2,3.84
4.65,92.78,36.88,1915.0,4.24,219.69,62.21,0.361,13.41,0,none,low,B,19.94,19.25,1.93
3.2,96.69,55.23,3858.0,9.37,208.07,63.11,0.407,35.18,0,splice_wear,low,C,30.25,14.31,4.5
5.1,83.13,32.58,2549.0,3.78,209.4,50.06,0.21,9.1,0,none,low,A,16.31,12.78,1.8
4.01,107.52,50.31,3144.0,9.47,228.51,77.01,0.364,27.6,1,splice_wear,low,C,26.81,16.0,4.14
2.84,124.81,81.11,1483.0,12.44,315.42,83.64,0.769,76.95,1,joint_rupture,critical,F,43.92,54.69,3.94
2.28,112.68,76.29,1111.0,9.63,278.94,84.24,0.628,87.65,0,splice_failure,high,F,49.41,68.67,3.45
2.04,105.65,67.13,1371.0,17.59,267.31,89.63,0.72,71.32,1,tear,high,F,51.9,48.96,6.58
5.48,70.97,30.82,1949.0,5.06,220.28,46.64,0.11,18.61,0,none,low,B,12.95,15.81,2.3
3.33,70.56,29.1,2027.0,1.33,179.51,64.15,0.198,18.2,0,none,low,B,21.17,14.35,0.74
4.65,77.92,44.49,1773.0,5.49,169.41,53.12,0.385,14.46,0,none,low,B,16.76,25.1,3.24
5.37,78.23,30.09,3494.0,2.34,218.1,48.81,0.319,13.11,0,none,low,B,14.56,8.61,1.07
0.56,118.12,63.63,1758.0,16.71,283.75,90.66,0.573,78.7,1,splice_failure,critical,D,209.97,36.19,5.89
4.32,81.29,40.75,3254.0,5.34,186.09,45.35,0.228,15.15,0,none,low,B,18.83,12.52,2.87
4.63,73.85,42.22,1865.0,4.75,177.13,61.33,0.114,10.2,0,none,low,B,15.96,22.64,2.68
4.09,103.92,56.75,2707.0,7.41,235.84,68.5,0.509,40.18,0,edge_damage,medium,C,25.41,20.96,3.14
3.75,88.72,45.47,1905.0,5.8,190.19,66.09,0.312,18.06,0,none,low,B,23.64,23.87,3.05
3.55,70.22,43.75,2189.0,4.93,177.11,63.84,0.139,4.33,0,none,low,A,19.78,19.99,2.79
4.02,78.72,44.8,1694.0,2.76,216.98,46.54,0.383,24.66,0,none,low,B,19.58,26.45,1.27
3.73,79.31,45.08,2692.0,4.22,210.6,47.71,0.35,17.64,0,none,low,B,21.27,16.75,2.0
5.22,87.51,32.44,2359.0,3.47,154.42,66.96,0.139,17.44,0,none,low,B,16.75,13.75,2.25
3.06,93.12,46.74,2549.0,2.14,159.73,53.36,0.177,12.67,0,none,low,B,30.39,18.34,1.34
2.72,119.53,71.88,1826.0,13.24,310.8,80.83,0.564,92.5,1,joint_rupture,critical,F,43.87,39.38,4.26
1.73,125.72,62.61,1339.0,11.58,257.32,90.27,0.755,81.16,1,bearing_failure,high,F,72.54,46.75,4.5
4.27,72.15,49.33,1577.0,4.77,192.01,53.48,0.12,15.55,0,none,low,B,16.91,31.27,2.48
3.7,92.76,34.69,2399.0,3.72,158.02,66.44,0.212,2.02,0,none,low,A,25.05,14.46,2.35
4.5,82.84,43.28,1611.0,2.42,215.54,46.84,0.357,2.3,0,none,low,A,18.41,26.87,1.12
3.72,89.59,46.32,2432.0,5.64,218.74,69.26,0.477,52.65,0,edge_damage,medium,C,24.05,19.05,2.58
4.18,80.36,46.53,1960.0,1.03,202.11,49.66,0.367,21.48,0,none,low,B,19.2,23.74,0.51
3.27,82.38,41.4,2050.0,4.58,197.59,52.47,0.108,18.75,0,none,low,B,25.22,20.2,2.32
5.09,80.51,40.7,3246.0,5.32,179.72,49.8,0.333,10.83,0,none,low,B,15.83,12.54,2.96
5.26,74.95,28.57,1541.0,4.11,202.93,52.15,0.196,8.49,0,none,low,A,14.25,18.54,2.03
3.15,93.23,32.9,3499.0,1.86,211.72,50.14,0.124,21.87,0,none,low,B,29.64,9.4,0.88
3.9,101.71,62.06,2630.0,7.62,229.12,66.37,0.567,30.81,0,edge_damage,medium,C,26.05,23.6,3.33
3.49,79.77,48.82,1993.0,4.34,209.21,55.31,0.381,18.42,0,none,low,B,22.88,24.5,2.08
4.42,87.32,41.03,3257.0,2.78,173.99,49.92,0.111,1.08,0,none,low,A,19.74,12.6,1.6
2.15,118.44,81.23,1376.0,16.83,275.16,93.53,0.849,69.77,1,splice_failure,high,F,55.05,59.02,6.12
4.26,75.56,39.99,1781.0,5.35,204.07,67.85,0.128,6.02,0,none,low,A,17.72,22.45,2.62
3.43,110.82,55.44,2387.0,9.46,201.86,76.12,0.315,48.3,0,splice_wear,low,C,32.28,23.22,4.69
5.11,81.65,30.06,2914.0,3.45,165.28,45.36,0.225,2.14,0,none,low,A,15.99,10.32,2.09
3.67,85.76,39.66,1638.0,5.84,220.97,50.96,0.137,23.56,0,none,low,B,23.38,24.21,2.64
3.78,82.26,45.0,1837.0,4.84,209.96,57.41,0.36,3.3,0,none,low,A,21.77,24.5,2.3
4.12,80.56,33.56,2245.0,1.54,170.13,51.26,0.316,1.21,0,none,low,A,19.54,14.95,0.91
3.55,72.05,34.62,1949.0,3.76,178.59,67.22,0.389,11.09,0,none,low,B,20.27,17.76,2.11
3.6,107.3,49.34,2122.0,5.78,226.51,69.11,0.414,40.4,0,splice_wear,medium,C,29.84,23.25,2.55
4.92,87.22,44.32,2969.0,3.35,166.91,57.34,0.387,14.71,0,none,low,B,17.72,14.93,2.01
3.15,94.82,29.58,1592.0,2.77,227.55,52.33,0.223,15.85,0,none,low,B,30.11,18.58,1.22
5.24,82.99,38.27,3221.0,5.77,183.87,48.97,0.345,10.08,0,none,low,B,15.82,11.88,3.14
0.79,128.7,69.21,1576.0,9.31,312.22,87.83,0.822,94.28,1,tear,critical,F,163.51,43.93,2.98
3.81,86.97,40.39,1824.0,2.55,222.0,60.83,0.396,19.18,0,none,low,B,22.83,22.14,1.15
4.04,85.61,58.42,2939.0,6.73,251.74,75.38,0.307,46.33,0,edge_damage,low,C,21.17,19.88,2.67
4.39,90.39,58.25,3344.0,6.26,219.49,75.03,0.529,36.52,0,splice_wear,low,C,20.61,17.42,2.85
4.21,72.15,46.55,2936.0,5.72,205.48,66.63,0.266,15.01,0,none,low,B,17.12,15.86,2.78
0.58,121.71,82.64,1755.0,14.25,296.99,94.8,0.545,85.36,1,tear,critical,F,210.96,47.09,4.8
2.63,103.68,48.77,3138.0,8.7,247.02,65.43,0.454,46.73,1,abrasion,medium,C,39.48,15.54,3.52
3.37,92.68,47.4,3823.0,9.99,210.84,60.69,0.383,54.22,0,abrasion,low,C,27.46,12.4,4.74
4.07,93.3,34.29,2354.0,1.51,189.49,61.02,0.181,7.42,0,none,low,A,22.93,14.56,0.8
3.77,96.82,50.97,3315.0,9.17,233.5,60.56,0.438,41.2,0,splice_wear,medium,C,25.66,15.37,3.93
5.19,74.28,37.37,1874.0,4.87,187.95,53.08,0.208,21.31,0,none,low,B,14.32,19.94,2.59
4.79,92.43,47.84,2157.0,5.76,151.99,53.67,0.369,6.87,0,none,low,A,19.28,22.18,3.79
3.76,85.31,37.64,2953.0,5.47,203.94,49.7,0.38,6.61,0,none,low,A,22.71,12.75,2.68
3.22,84.08,30.5,1778.0,2.5,172.53,58.9,0.345,19.03,0,none,low,B,26.07,17.16,1.45
3.61,94.14,28.18,3259.0,2.0,225.78,52.87,0.232,17.68,0,none,low,B,26.06,8.65,0.89
3.79,83.85,44.08,1585.0,1.06,186.65,48.03,0.299,5.35,0,none,low,A,22.09,27.81,0.57
3.49,83.71,30.55,1546.0,1.26,226.34,48.27,0.313,1.7,0,none,low,A,23.96,19.76,0.55
4.27,81.62,48.93,3390.0,4.9,198.17,55.46,0.207,23.68,0,none,low,B,19.11,14.44,2.47
4.45,75.8,29.03,3390.0,2.57,185.41,47.64,0.351,0.69,0,none,low,A,17.04,8.56,1.39
4.27,106.89,48.29,3132.0,6.56,210.69,75.47,0.421,38.95,0,edge_damage,medium,C,25.02,15.42,3.12
4.4,113.39,47.9,2355.0,9.31,223.57,60.08,0.382,45.92,1,splice_wear,low,C,25.75,20.34,4.17
1.3,101.12,69.02,821.0,10.73,302.67,93.74,0.544,81.2,1,tear,critical,F,77.77,84.07,3.55
4.1,97.99,63.35,2900.0,8.72,228.02,64.1,0.36,39.89,1,edge_damage,medium,C,23.92,21.84,3.82
3.71,82.04,28.98,3135.0,5.95,182.55,45.25,0.151,16.31,0,none,low,B,22.14,9.24,3.26
4.97,76.35,44.8,2876.0,2.61,193.64,48.39,0.236,22.03,0,none,low,B,15.36,15.58,1.35
5.1,84.76,32.22,2662.0,3.53,181.89,47.75,0.225,1.82,0,none,low,A,16.62,12.1,1.94
4.04,77.63,48.36,2251.0,4.79,192.42,61.19,0.178,23.55,0,none,low,B,19.22,21.48,2.49
5.08,79.13,30.2,2847.0,1.04,188.02,49.43,0.288,24.49,0,none,low,B,15.58,10.61,0.55
5.04,82.69,38.91,3361.0,5.45,212.86,51.81,0.264,5.6,0,none,low,A,16.4,11.58,2.56
4.21,90.79,47.71,2329.0,1.09,218.94,49.01,0.287,0.62,0,none,low,A,21.56,20.48,0.5
5.46,72.52,37.32,2114.0,5.53,219.55,50.47,0.124,15.68,0,none,low,B,13.27,17.65,2.52
4.68,70.8,30.93,2873.0,2.06,218.61,46.35,0.165,24.96,0,none,low,B,15.13,10.77,0.94
4.76,74.57,41.42,2952.0,2.57,216.31,58.88,0.217,13.94,0,none,low,B,15.67,14.03,1.19
3.41,80.07,35.56,2302.0,4.81,188.6,66.63,0.188,10.39,0,none,low,B,23.45,15.45,2.55
1.87,101.6,69.96,1125.0,17.99,271.58,92.69,0.838,72.95,1,bearing_failure,critical,F,54.4,62.2,6.63
3.51,103.64,45.07,3862.0,6.81,223.82,63.13,0.413,53.14,1,abrasion,low,C,29.56,11.67,3.04
4.77,82.68,45.69,2925.0,2.84,176.93,50.81,0.273,24.1,0,none,low,B,17.33,15.62,1.6
3.24,72.99,45.23,2200.0,2.12,178.23,59.84,0.264,18.59,0,none,low,B,22.54,20.56,1.19
4.13,72.55,29.61,2425.0,2.51,199.02,45.99,0.137,21.63,0,none,low,B,17.57,12.21,1.26
4.78,91.05,38.2,3022.0,3.62,167.82,52.77,0.247,7.92,0,none,low,A,19.05,12.64,2.16
3.84,73.07,29.86,1593.0,1.55,177.5,58.66,0.156,22.2,0,none,low,B,19.01,18.75,0.88
2.31,110.99,60.92,1885.0,10.15,316.36,86.44,0.653,78.83,1,joint_rupture,high,D,48.04,32.31,3.21
2.16,112.43,61.11,1741.0,15.11,283.1,93.0,0.668,71.18,1,bearing_failure,high,F,52.06,35.1,5.34
4.75,76.44,48.3,1758.0,2.59,154.38,61.18,0.367,15.9,0,none,low,B,16.09,27.47,1.68
2.68,110.15,62.11,3662.0,8.99,221.73,63.91,0.579,35.75,0,splice_wear,low,C,41.17,16.96,4.06
3.69,71.63,29.1,1731.0,1.36,210.84,56.17,0.203,10.46,0,none,low,B,19.44,16.81,0.64
2.29,126.54,67.99,1257.0,14.52,293.65,84.63,0.7,97.47,1,bearing_failure,high,D,55.28,54.08,4.95
3.27,100.79,58.57,2572.0,6.26,222.88,69.02,0.585,51.67,0,abrasion,low,C,30.86,22.77,2.81
4.14,90.35,36.38,2577.0,5.46,223.1,49.96,0.113,7.64,0,none,low,A,21.82,14.12,2.45
5.38,71.93,28.63,3268.0,4.74,229.38,54.13,0.225,4.31,0,none,low,A,13.37,8.76,2.07
4.45,79.11,29.77,3274.0,1.99,209.89,51.49,0.344,2.96,0,none,low,A,17.79,9.09,0.95
3.39,107.02,48.46,2571.0,9.32,253.11,60.81,0.35,29.11,0,splice_wear,medium,C,31.53,18.85,3.68
4.17,94.61,40.25,2822.0,2.66,180.57,58.67,0.121,6.4,0,none,low,A,22.69,14.26,1.48
3.04,83.42,40.34,2268.0,2.34,202.16,48.1,0.256,19.2,0,none,low,B,27.44,17.79,1.16
4.88,89.02,29.32,1538.0,5.87,165.47,63.91,0.269,6.61,0,none,low,A,18.23,19.07,3.55
4.24,80.18,43.38,3308.0,5.03,171.96,65.22,0.35,23.23,0,none,low,B,18.9,13.11,2.92
4.92,84.79,34.83,3489.0,1.19,162.98,65.53,0.118,22.17,0,none,low,B,17.23,9.98,0.73
3.36,107.63,56.66,3872.0,9.34,219.96,61.52,0.583,43.11,0,splice_wear,low,C,32.05,14.63,4.25
1.62,119.87,77.67,1872.0,17.6,286.0,90.97,0.982,65.75,0,splice_failure,critical,F,74.05,41.5,6.15
4.36,91.45,42.92,2092.0,3.81,207.19,61.75,0.3,21.77,0,none,low,B,20.96,20.51,1.84
1.57,119.25,80.46,807.0,17.93,262.8,84.4,0.936,68.55,1,joint_rupture,high,F,75.73,99.72,6.82
3.06,105.02,62.92,3156.0,7.64,209.62,72.88,0.511,58.84,0,edge_damage,low,C,34.37,19.94,3.64
4.4,90.41,32.88,2186.0,4.87,195.64,47.13,0.229,14.67,0,none,low,B,20.57,15.04,2.49
4.11,88.92,49.84,2487.0,9.39,211.94,74.17,0.439,59.97,1,edge_damage,medium,C,21.62,20.04,4.43
2.61,107.83,62.44,1539.0,12.91,279.85,85.53,0.681,83.79,0,joint_rupture,critical,D,41.33,40.57,4.61
4.28,111.42,60.15,3127.0,5.6,231.92,66.42,0.538,51.53,1,abrasion,medium,C,26.04,19.24,2.41
2.47,103.91,62.03,825.0,14.66,294.08,94.74,0.699,72.61,1,tear,high,F,42.01,75.19,4.98
5.22,76.87,31.05,1740.0,4.5,150.49,55.84,0.136,21.24,0,none,low,B,14.74,17.85,2.99
1.6,119.34,74.99,1220.0,13.0,254.5,90.91,0.62,77.5,1,splice_failure,critical,D,74.36,61.47,5.11
3.16,94.37,42.99,2335.0,4.51,210.51,62.94,0.243,10.75,0,none,low,B,29.84,18.41,2.14
5.32,85.08,32.47,3339.0,5.57,229.13,65.1,0.399,6.12,0,none,low,A,16.0,9.72,2.43
1.08,102.95,84.49,1155.0,16.84,250.29,75.42,0.733,69.07,1,tear,critical,F,95.56,73.13,6.73
4.1,79.48,44.98,2536.0,4.52,221.23,66.07,0.183,4.7,0,none,low,A,19.39,17.74,2.04
4.88,79.25,31.81,1697.0,2.64,160.89,48.6,0.305,0.49,0,none,low,A,16.25,18.75,1.64
5.11,91.12,35.24,1676.0,4.52,178.81,46.05,0.147,3.43,0,none,low,A,17.83,21.03,2.53
5.25,89.83,40.02,2344.0,4.09,185.51,50.66,0.304,21.83,0,none,low,B,17.13,17.07,2.21
5.1,80.78,36.83,1557.0,4.48,214.6,60.26,0.145,2.58,0,none,low,A,15.83,23.66,2.09
4.0,80.73,49.29,2948.0,3.06,151.53,45.78,0.305,20.94,0,none,low,B,20.16,16.72,2.02
2.56,114.02,64.73,3099.0,5.35,232.46,76.06,0.504,50.2,0,abrasion,low,C,44.5,20.89,2.3
5.17,81.22,49.54,3420.0,2.65,220.87,64.5,0.163,15.61,0,none,low,B,15.7,14.49,1.2
5.09,74.36,29.56,2300.0,3.88,218.39,67.41,0.232,1.51,0,none,low,A,14.6,12.85,1.78
1.62,109.28,72.56,1206.0,15.81,288.07,92.54,0.772,69.05,1,bearing_failure,high,F,67.47,60.15,5.49
4.61,81.45,45.43,1548.0,4.05,208.45,67.85,0.304,5.8,0,none,low,A,17.68,29.34,1.94
4.6,83.08,47.78,2953.0,3.55,182.29,54.3,0.168,0.43,0,none,low,A,18.05,16.18,1.95
3.53,75.21,30.76,1879.0,1.16,203.94,54.23,0.268,15.92,0,none,low,B,21.3,16.37,0.57
3.34,92.38,54.53,3841.0,8.62,239.72,67.94,0.501,26.13,0,abrasion,low,C,27.69,14.2,3.6
3.5,90.19,29.18,1639.0,3.2,170.2,62.15,0.29,19.31,0,none,low,B,25.74,17.8,1.88
4.85,91.56,35.6,2180.0,5.5,153.98,53.05,0.136,0.72,0,none,low,A,18.87,16.33,3.57
4.08,87.17,34.36,3199.0,3.19,227.46,66.95,0.332,23.31,0,none,low,B,21.38,10.74,1.4
1.09,110.36,78.82,1309.0,16.54,311.43,80.99,0.912,65.86,1,joint_rupture,high,F,101.14,60.19,5.31
5.47,86.76,38.2,2727.0,2.36,171.93,47.61,0.134,8.69,0,none,low,A,15.85,14.01,1.37
0.76,125.57,75.03,1953.0,15.03,262.26,84.48,0.824,61.07,0,tear,high,F,165.99,38.42,5.73
4.06,93.08,29.6,3107.0,2.08,175.92,56.95,0.335,20.96,0,none,low,B,22.94,9.53,1.18
4.01,93.66,33.42,3106.0,4.06,180.15,45.03,0.234,6.92,0,none,low,A,23.37,10.76,2.25
3.19,78.69,41.52,3175.0,1.92,183.97,54.01,0.254,20.24,0,none,low,B,24.68,13.08,1.04
5.12,82.96,41.28,2375.0,5.12,223.91,59.7,0.346,1.48,0,none,low,A,16.21,17.38,2.28
3.01,86.6,64.31,3704.0,9.57,250.83,68.63,0.577,58.93,0,abrasion,low,C,28.74,17.36,3.81
5.44,91.8,46.96,3368.0,5.47,212.1,61.52,0.179,15.53,0,none,low,B,16.88,13.94,2.58
5.15,82.29,30.81,1510.0,4.39,193.99,52.61,0.151,11.67,0,none,low,B,15.96,20.4,2.26
3.84,79.48,38.24,2433.0,2.29,218.02,53.18,0.169,4.4,0,none,low,A,20.7,15.72,1.05
3.17,70.82,41.31,2738.0,3.65,210.98,45.9,0.381,2.38,0,none,low,A,22.35,15.09,1.73
3.33,92.0,39.24,1665.0,4.08,150.73,62.85,0.295,5.32,0,none,low,A,27.6,23.57,2.71
3.02,87.34,35.1,2643.0,5.78,173.96,67.78,0.29,6.05,0,none,low,A,28.93,13.28,3.32
4.85,81.16,29.51,1837.0,4.96,201.87,58.11,0.15,20.94,0,none,low,B,16.73,16.06,2.46
2.66,111.54,61.31,3236.0,9.72,238.79,63.89,0.519,47.6,1,edge_damage,medium,C,42.0,18.95,4.07
3.2,70.29,37.4,2321.0,5.94,187.58,50.9,0.367,12.28,0,none,low,B,21.94,16.12,3.17
3.24,79.57,48.77,2679.0,2.72,200.05,65.94,0.182,12.63,0,none,low,B,24.57,18.21,1.36
3.94,103.43,58.59,2702.0,6.57,241.05,63.88,0.426,31.59,0,splice_wear,medium,C,26.26,21.68,2.73
5.42,73.51,40.92,1902.0,4.95,212.7,47.59,0.374,4.87,0,none,low,A,13.55,21.52,2.33
5.46,92.06,49.04,2185.0,1.53,165.07,56.51,0.338,3.75,0,none,low,A,16.85,22.44,0.93
3.81,78.53,42.56,2434.0,5.06,162.47,63.17,0.119,4.85,0,none,low,A,20.62,17.49,3.11
5.14,76.32,35.2,2574.0,2.06,214.89,62.79,0.144,11.6,0,none,low,B,14.86,13.67,0.96
3.77,86.51,57.17,2305.0,9.15,221.33,65.07,0.552,26.76,0,abrasion,medium,C,22.97,24.8,4.14
5.28,88.77,29.41,2929.0,3.64,222.07,52.2,0.272,12.52,0,none,low,B,16.82,10.04,1.64
4.14,75.14,44.63,2403.0,5.79,170.86,60.7,0.382,16.59,0,none,low,B,18.15,18.57,3.39
1.4,118.0,63.91,1443.0,11.07,302.06,85.56,0.706,70.21,1,bearing_failure,high,D,84.27,44.3,3.67
4.71,73.01,30.7,2631.0,2.35,181.39,54.22,0.154,0.03,0,none,low,A,15.49,11.67,1.3
2.23,116.4,77.52,1923.0,14.99,268.56,86.41,0.721,81.14,1,joint_rupture,high,F,52.28,40.32,5.58
4.27,101.87,50.04,3910.0,7.42,219.9,63.27,0.373,54.15,0,splice_wear,low,C,23.84,12.8,3.37
3.3,70.15,39.17,3497.0,4.47,174.67,65.17,0.335,0.39,0,none,low,A,21.24,11.2,2.56
2.8,91.79,54.37,2850.0,6.44,210.33,73.72,0.597,52.22,0,edge_damage,medium,C,32.79,19.08,3.06
3.34,83.78,41.32,2911.0,4.4,173.39,52.6,0.304,8.74,0,none,low,A,25.07,14.19,2.54
3.94,76.8,29.94,3160.0,5.27,167.58,46.49,0.322,5.29,0,none,low,A,19.51,9.47,3.14
3.16,75.66,45.44,3109.0,2.04,176.87,48.09,0.122,24.8,0,none,low,B,23.94,14.62,1.15
4.36,89.14,46.48,3113.0,1.08,164.94,60.06,0.213,24.56,0,none,low,B,20.47,14.93,0.66
5.39,75.04,47.01,2143.0,5.95,162.62,56.88,0.338,10.82,0,none,low,B,13.92,21.94,3.66
5.47,80.63,41.29,1609.0,5.21,201.85,54.29,0.105,14.79,0,none,low,B,14.75,25.66,2.58
3.0,85.4,32.16,1884.0,4.27,154.3,52.21,0.145,14.5,0,none,low,B,28.44,17.07,2.77
4.8,76.38,29.96,1657.0,3.13,225.67,50.01,0.177,2.52,0,none,low,A,15.9,18.08,1.39
4.7,86.07,46.94,2473.0,1.67,173.15,60.24,0.284,13.28,0,none,low,B,18.31,18.98,0.97
4.59,92.03,40.89,3057.0,2.24,204.25,65.75,0.216,19.48,0,none,low,B,20.04,13.38,1.1
3.66,88.91,64.35,3623.0,5.55,207.31,70.7,0.403,26.22,0,splice_wear,medium,C,24.27,17.76,2.68
5.0,92.88,44.65,3145.0,2.08,171.09,49.8,0.33,23.7,0,none,low,B,18.56,14.2,1.22
2.1,111.63,70.64,890.0,9.28,298.68,83.77,0.776,81.19,1,bearing_failure,high,F,53.24,79.34,3.11
3.32,79.64,39.67,2698.0,5.68,212.19,48.5,0.152,2.51,0,none,low,A,24.01,14.7,2.68
2.97,115.66,80.66,1492.0,16.87,300.47,87.86,0.783,87.47,1,bearing_failure,critical,D,39.0,54.07,5.61
5.29,84.38,44.24,2480.0,1.14,155.14,57.37,0.316,5.38,0,none,low,A,15.96,17.84,0.74
1.53,122.39,70.1,1614.0,15.88,319.43,81.91,0.706,66.29,1,bearing_failure,critical,F,80.01,43.43,4.97
3.17,71.19,29.34,3384.0,5.25,217.6,66.26,0.252,6.18,0,none,low,A,22.43,8.67,2.41
4.8,91.9,37.57,2571.0,5.66,158.6,64.83,0.148,12.1,0,none,low,B,19.16,14.62,3.57
4.51,83.96,36.36,3227.0,4.3,207.7,48.47,0.365,4.18,0,none,low,A,18.63,11.27,2.07
3.32,81.01,47.53,2005.0,2.87,217.69,59.21,0.325,5.35,0,none,low,A,24.4,23.71,1.32
4.47,101.8,58.91,2237.0,6.25,208.38,67.02,0.385,50.65,0,edge_damage,medium,C,22.75,26.34,3.0
3.51,89.8,44.34,2453.0,1.25,198.79,54.35,0.195,16.01,0,none,low,B,25.62,18.08,0.63
3.23,92.9,45.13,1613.0,3.63,156.67,64.26,0.284,4.31,0,none,low,A,28.75,27.98,2.31
3.08,82.68,44.16,1742.0,2.11,176.18,50.02,0.217,13.99,0,none,low,B,26.85,25.35,1.2
5.41,93.27,40.54,2968.0,5.75,156.68,45.13,0.109,14.08,0,none,low,B,17.24,13.66,3.67
3.59,100.49,46.9,2643.0,5.1,206.64,74.61,0.549,53.07,1,abrasion,low,C,27.99,17.74,2.47
5.19,75.33,35.16,1801.0,4.1,183.59,59.11,0.329,13.64,0,none,low,B,14.53,19.52,2.23
5.34,77.48,35.9,2935.0,4.06,164.28,53.65,0.24,10.48,0,none,low,B,14.51,12.23,2.47
5.31,89.06,38.59,2860.0,5.49,160.89,50.76,0.263,19.98,0,none,low,B,16.77,13.49,3.41
5.46,81.37,35.9,2085.0,1.87,213.33,66.97,0.224,23.81,0,none,low,B,14.9,17.22,0.88
3.85,98.05,56.17,2116.0,8.48,203.17,74.71,0.547,33.3,0,edge_damage,low,C,25.48,26.55,4.17
3.72,84.81,34.55,1611.0,1.01,158.09,63.22,0.388,10.67,0,none,low,B,22.81,21.45,0.64
3.37,83.78,31.18,2722.0,5.67,165.66,62.58,0.107,9.39,0,none,low,A,24.88,11.45,3.42
3.88,74.34,36.21,2335.0,2.5,202.53,66.13,0.22,4.81,0,none,low,A,19.15,15.51,1.24
5.14,84.29,38.01,1799.0,3.25,172.28,66.69,0.365,2.1,0,none,low,A,16.41,21.13,1.89
3.56,80.27,47.29,2555.0,2.67,166.63,63.41,0.287,11.7,0,none,low,B,22.53,18.51,1.6
3.84,94.0,39.44,2301.0,3.61,212.32,52.82,0.154,14.62,0,none,low,B,24.51,17.14,1.7
4.78,92.05,36.17,1651.0,5.79,184.8,59.33,0.3,13.66,0,none,low,B,19.25,21.91,3.13
4.89,90.09,40.17,2477.0,1.57,156.72,52.81,0.193,23.84,0,none,low,B,18.43,16.21,1.0
1.79,105.02,84.46,1250.0,9.96,284.57,92.48,0.944,60.42,1,splice_failure,critical,D,58.54,67.57,3.5
5.27,77.09,47.79,3082.0,3.91,203.56,52.49,0.272,7.31,0,none,low,A,14.62,15.51,1.92
4.91,76.1,46.45,2252.0,3.66,225.36,60.67,0.294,17.79,0,none,low,B,15.49,20.63,1.62
3.73,97.01,45.24,2251.0,6.62,233.9,75.87,0.537,44.37,0,edge_damage,medium,C,26.03,20.1,2.83
3.14,74.25,34.28,2065.0,4.37,151.47,62.38,0.18,7.75,0,none,low,A,23.63,16.6,2.88
3.54,92.11,29.88,2389.0,5.25,199.27,51.72,0.226,17.67,0,none,low,B,26.02,12.51,2.63
1.36,129.95,60.09,833.0,16.41,263.96,76.22,0.619,76.19,1,tear,high,D,95.82,72.12,6.22
4.24,88.87,57.66,3440.0,5.8,237.96,60.94,0.388,57.24,0,splice_wear,medium,C,20.98,16.76,2.44
5.13,71.92,35.82,3300.0,1.59,174.85,62.9,0.263,20.81,0,none,low,B,14.03,10.86,0.91
5.3,93.37,31.42,1568.0,5.95,188.58,58.16,0.285,19.74,0,none,low,B,17.61,20.04,3.15
2.97,111.3,61.39,3235.0,9.97,244.11,63.89,0.554,39.52,0,abrasion,low,C,37.44,18.98,4.09
1.19,107.4,74.09,1774.0,15.72,289.2,87.63,0.621,76.44,1,joint_rupture,critical,D,90.22,41.76,5.44
3.76,79.0,37.25,1698.0,1.21,203.92,57.36,0.233,15.86,0,none,low,B,21.0,21.94,0.59
3.78,113.61,61.79,2852.0,8.22,210.62,70.09,0.594,43.14,1,splice_wear,medium,C,30.04,21.67,3.9
0.61,117.6,66.86,839.0,16.39,269.3,90.93,0.644,67.38,1,joint_rupture,high,F,194.17,79.7,6.09
3.26,100.2,50.37,3059.0,9.41,256.67,61.81,0.382,59.27,0,splice_wear,medium,C,30.71,16.47,3.67
3.89,74.78,46.84,3265.0,2.48,215.89,53.24,0.13,18.95,0,none,low,B,19.22,14.34,1.15
3.69,76.32,49.46,3225.0,5.05,160.24,62.37,0.164,24.43,0,none,low,B,20.71,15.34,3.15
3.88,80.72,46.13,3032.0,2.87,195.24,64.22,0.105,20.05,0,none,low,B,20.8,15.21,1.47
2.59,95.34,46.76,2959.0,8.64,234.01,63.54,0.496,48.97,1,splice_wear,medium,C,36.79,15.8,3.69
5.28,82.54,35.96,1841.0,5.33,181.54,66.27,0.354,9.42,0,none,low,A,15.64,19.53,2.94
3.07,76.58,43.63,2856.0,2.77,214.69,50.42,0.238,11.81,0,none,low,B,24.96,15.28,1.29
5.39,87.42,39.86,2521.0,1.8,179.77,60.47,0.377,20.41,0,none,low,B,16.23,15.81,1.0
4.08,72.07,30.25,2440.0,3.65,171.12,59.78,0.311,7.48,0,none,low,A,17.64,12.39,2.13
3.59,109.13,55.74,3816.0,5.29,235.3,70.11,0.498,54.17,1,abrasion,medium,C,30.41,14.61,2.25
3.97,85.67,40.18,3422.0,1.93,178.1,58.17,0.36,23.23,0,none,low,B,21.59,11.74,1.09
3.17,80.54,36.68,3473.0,3.16,174.46,53.4,0.219,20.54,0,none,low,B,25.42,10.56,1.81
3.79,94.16,31.37,2985.0,2.78,196.54,47.29,0.192,12.52,0,none,low,B,24.84,10.51,1.42
4.35,75.49,42.3,3309.0,1.43,167.33,64.42,0.289,1.97,0,none,low,A,17.34,12.79,0.85
3.52,74.98,48.69,3023.0,4.48,169.11,47.73,0.361,0.15,0,none,low,A,21.27,16.11,2.65
3.69,84.26,33.51,2122.0,5.25,198.26,48.35,0.318,5.19,0,none,low,A,22.81,15.79,2.65
4.62,76.8,36.45,2968.0,5.69,192.34,45.23,0.202,9.97,0,none,low,A,16.64,12.28,2.96
4.09,85.82,30.66,2045.0,3.54,175.25,67.79,0.229,21.74,0,none,low,B,20.98,14.99,2.02
0.62,128.43,63.22,841.0,12.73,263.62,78.68,0.644,69.44,1,splice_failure,high,F,208.07,75.15,4.83
0.92,109.8,64.31,1522.0,15.41,272.2,85.79,0.845,76.01,1,splice_failure,high,D,119.39,42.27,5.66
4.12,89.75,45.65,2939.0,1.11,195.19,62.19,0.233,23.62,0,none,low,B,21.79,15.53,0.57
0.66,119.57,82.79,1255.0,16.54,271.92,86.4,0.824,85.76,1,bearing_failure,high,F,182.25,65.95,6.08
4.35,93.18,48.5,2525.0,2.53,186.77,49.29,0.291,12.5,0,none,low,B,21.41,19.21,1.35
3.49,81.99,47.53,2633.0,4.41,177.12,58.14,0.234,16.48,0,none,low,B,23.47,18.05,2.49
4.23,77.4,35.18,3422.0,1.91,174.9,56.73,0.359,10.42,0,none,low,B,18.28,10.28,1.09
1.28,111.78,68.91,1799.0,9.4,271.59,88.59,0.783,76.58,1,bearing_failure,high,F,87.67,38.3,3.46
4.67,81.18,48.55,3208.0,1.51,160.52,60.55,0.169,19.78,0,none,low,B,17.39,15.13,0.94
3.57,81.97,36.93,3246.0,1.16,221.67,60.0,0.321,0.07,0,none,low,A,22.93,11.38,0.52
4.47,83.43,45.29,2612.0,5.29,168.61,63.54,0.154,20.33,0,none,low,B,18.66,17.34,3.13
3.56,104.75,46.59,2988.0,6.8,252.35,75.78,0.51,47.95,1,splice_wear,low,C,29.43,15.59,2.7
4.38,93.45,43.93,2602.0,4.85,179.67,61.8,0.223,6.99,0,none,low,A,21.32,16.88,2.7
4.72,81.48,40.44,2888.0,4.84,221.65,53.15,0.385,15.93,0,none,low,B,17.27,14.0,2.18
1.01,102.14,78.16,1413.0,15.32,283.38,81.24,0.643,87.76,1,splice_failure,high,F,100.74,55.3,5.41
4.05,92.87,51.57,2216.0,9.68,217.46,69.37,0.417,58.6,0,edge_damage,medium,C,22.94,23.27,4.45
3.26,107.43,63.26,3510.0,6.14,253.3,66.98,0.473,54.1,0,splice_wear,medium,C,32.99,18.02,2.42
4.23,85.47,29.44,2910.0,3.72,192.06,51.72,0.278,0.69,0,none,low,A,20.18,10.12,1.94
4.83,78.05,35.63,1917.0,3.23,154.16,51.91,0.258,11.64,0,none,low,B,16.14,18.59,2.09
3.27,100.11,48.81,3753.0,7.86,211.53,74.28,0.31,59.39,1,splice_wear,medium,C,30.58,13.01,3.72
3.54,76.99,33.3,2495.0,5.72,185.53,60.22,0.307,21.79,0,none,low,B,21.76,13.35,3.08
4.01,89.62,45.93,3355.0,4.51,169.61,56.63,0.11,16.17,0,none,low,B,22.34,13.69,2.66
4.67,93.25,43.12,2141.0,1.99,218.37,49.47,0.148,5.17,0,none,low,A,19.98,20.14,0.91
3.31,93.45,49.26,3448.0,1.2,225.7,67.94,0.383,16.77,0,none,low,B,28.23,14.29,0.53
4.25,86.79,51.35,3982.0,7.11,207.87,77.45,0.595,31.55,1,splice_wear,low,C,20.43,12.9,3.42
3.66,71.12,33.9,1608.0,5.62,202.94,65.39,0.315,3.28,0,none,low,A,19.45,21.09,2.77
1.37,103.35,77.6,1674.0,17.07,253.69,77.83,0.799,83.53,0,joint_rupture,critical,D,75.42,46.36,6.73
4.5,83.9,36.9,2358.0,2.13,186.47,66.92,0.355,3.63,0,none,low,A,18.63,15.65,1.14
5.33,83.17,39.83,3061.0,2.57,188.55,67.28,0.302,3.84,0,none,low,A,15.59,13.01,1.36
3.51,89.17,34.5,1543.0,5.72,163.58,45.22,0.171,5.88,0,none,low,A,25.4,22.36,3.5
5.3,91.98,38.05,2322.0,3.78,169.48,46.2,0.382,4.67,0,none,low,A,17.35,16.39,2.23
4.18,82.29,28.41,1796.0,2.89,204.7,50.25,0.227,13.93,0,none,low,B,19.68,15.82,1.41
2.77,99.68,59.93,2220.0,7.12,201.07,60.6,0.445,35.44,1,edge_damage,medium,C,36.02,27.0,3.54
4.02,82.43,28.89,3286.0,5.99,164.52,47.77,0.143,16.53,0,none,low,B,20.51,8.79,3.64
5.12,88.8,37.89,2726.0,4.44,191.02,55.94,0.294,13.94,0,none,low,B,17.34,13.9,2.33
4.53,87.98,42.14,2539.0,4.41,185.96,50.56,0.1,14.0,0,none,low,B,19.41,16.59,2.37
5.43,79.04,36.67,1904.0,1.35,211.82,50.74,0.283,17.19,0,none,low,B,14.56,19.26,0.64
5.19,81.09,34.27,3292.0,5.31,163.12,45.6,0.127,7.16,0,none,low,A,15.62,10.41,3.25
1.43,126.66,71.33,1178.0,17.47,309.47,91.87,0.756,90.0,0,bearing_failure,critical,D,88.38,60.54,5.65
4.22,91.58,37.87,2227.0,5.97,195.7,55.87,0.249,20.23,0,none,low,B,21.72,17.0,3.05
3.97,88.9,29.61,3230.0,3.15,196.5,62.42,0.18,22.26,0,none,low,B,22.38,9.16,1.6
4.37,85.03,62.88,2622.0,6.56,213.69,65.71,0.364,56.71,1,edge_damage,low,C,19.44,23.98,3.07
2.94,113.42,64.08,3981.0,9.04,211.29,63.82,0.402,36.13,1,splice_wear,low,C,38.58,16.1,4.28
4.32,109.84,48.27,3742.0,6.36,204.85,71.82,0.496,28.32,0,abrasion,medium,C,25.43,12.9,3.11
3.81,84.43,42.88,3027.0,2.59,161.67,66.96,0.123,2.4,0,none,low,A,22.14,14.17,1.6
5.05,89.36,48.63,1783.0,2.88,172.57,64.8,0.247,0.67,0,none,low,A,17.7,27.27,1.67
3.56,111.81,50.13,2481.0,6.32,220.29,61.93,0.509,32.26,1,edge_damage,medium,C,31.39,20.21,2.87
3.74,89.21,37.41,3139.0,4.92,224.36,62.4,0.116,20.93,0,none,low,B,23.84,11.92,2.19
0.81,118.4,64.99,1115.0,15.71,318.44,86.9,0.925,60.34,0,bearing_failure,critical,D,145.6,58.28,4.93
3.99,76.79,34.42,1747.0,5.03,150.74,52.19,0.152,14.73,0,none,low,B,19.25,19.71,3.34
3.65,82.21,42.36,1743.0,1.88,169.77,67.4,0.219,14.97,0,none,low,B,22.54,24.31,1.11
4.23,71.85,28.76,2437.0,2.99,160.95,60.81,0.398,9.89,0,none,low,A,17.0,11.8,1.86
5.41,90.79,38.2,2975.0,1.64,190.97,51.42,0.148,10.66,0,none,low,B,16.79,12.84,0.86
4.75,81.41,39.69,1793.0,1.7,196.67,67.66,0.129,7.14,0,none,low,A,17.15,22.14,0.86
4.25,100.73,53.17,2619.0,6.49,218.35,75.93,0.517,48.44,1,edge_damage,low,C,23.69,20.3,2.97
4.15,89.56,34.8,2786.0,5.41,182.17,46.53,0.255,8.65,0,none,low,A,21.58,12.49,2.97
5.38,82.14,38.26,2809.0,1.52,170.28,66.14,0.301,0.34,0,none,low,A,15.27,13.62,0.89
4.71,89.11,46.48,2084.0,5.66,194.24,61.02,0.279,3.07,0,none,low,A,18.93,22.3,2.91
3.01,109.41,57.37,3676.0,7.58,222.62,76.59,0.311,54.96,0,edge_damage,low,C,36.35,15.61,3.4
4.45,92.2,38.42,2993.0,5.02,208.92,66.28,0.234,4.33,0,none,low,A,20.72,12.84,2.4
3.62,73.58,40.27,1870.0,1.19,152.88,64.13,0.277,8.95,0,none,low,A,20.35,21.54,0.78
4.46,103.49,48.67,3358.0,8.82,225.76,75.51,0.345,34.76,0,abrasion,medium,C,23.2,14.49,3.91
5.29,71.95,37.4,2565.0,5.49,229.82,62.33,0.391,19.68,0,none,low,B,13.59,14.58,2.39
0.7,112.06,76.16,1221.0,11.46,290.42,93.67,0.517,89.23,1,bearing_failure,high,D,160.22,62.39,3.95
4.71,70.67,47.78,2176.0,4.72,210.78,59.96,0.218,15.21,0,none,low,B,15.0,21.96,2.24
4.9,72.49,36.73,1707.0,5.19,194.02,60.89,0.305,21.04,0,none,low,B,14.78,21.51,2.67
4.65,84.38,28.68,1903.0,2.34,155.8,53.16,0.108,13.83,0,none,low,B,18.15,15.07,1.5
3.72,92.76,39.06,2038.0,3.99,166.13,46.71,0.106,23.79,0,none,low,B,24.95,19.17,2.4
2.95,127.95,78.42,1633.0,12.03,257.28,86.47,0.788,96.19,1,joint_rupture,critical,F,43.34,48.03,4.68
3.88,75.42,40.88,2196.0,4.29,151.25,46.48,0.13,10.47,0,none,low,B,19.45,18.61,2.83
1.11,117.23,79.21,1147.0,12.68,286.68,77.7,0.513,65.81,1,splice_failure,high,F,105.42,69.08,4.42
5.33,72.76,41.96,2845.0,4.4,171.23,52.6,0.265,4.99,0,none,low,A,13.64,14.75,2.57
4.41,81.63,42.45,1793.0,5.2,161.7,65.5,0.235,13.75,0,none,low,B,18.53,23.67,3.22
2.86,98.37,49.89,3056.0,6.38,251.87,70.93,0.3,53.19,0,abrasion,low,C,34.35,16.33,2.53
4.58,81.05,41.83,1794.0,5.85,208.37,50.75,0.317,14.38,0,none,low,B,17.71,23.32,2.81
3.45,71.03,45.8,2603.0,2.58,160.11,56.13,0.258,17.55,0,none,low,B,20.62,17.59,1.61
3.31,96.1,61.54,2313.0,6.72,243.5,60.28,0.387,47.45,0,abrasion,medium,C,29.01,26.61,2.76
4.06,72.65,48.64,1589.0,4.75,155.71,55.75,0.153,3.53,0,none,low,A,17.92,30.62,3.05
4.13,82.89,30.93,3459.0,2.29,186.71,49.97,0.248,18.9,0,none,low,B,20.06,8.94,1.23
3.71,76.21,44.7,1736.0,2.85,162.12,50.93,0.146,22.17,0,none,low,B,20.52,25.74,1.76
1.06,115.31,73.02,1508.0,9.54,318.1,84.31,0.963,60.37,1,joint_rupture,high,D,108.67,48.41,3.0
2.7,118.2,81.52,818.0,9.97,256.48,89.25,0.535,78.86,1,splice_failure,high,F,43.76,99.59,3.89
3.33,73.17,45.94,3337.0,4.89,228.13,49.98,0.142,13.02,0,none,low,B,21.97,13.77,2.14
4.49,103.07,64.58,2730.0,7.29,245.14,74.27,0.37,57.54,1,splice_wear,low,C,22.95,23.65,2.97
4.22,90.33,30.17,1639.0,1.77,211.15,61.65,0.27,11.71,0,none,low,B,21.39,18.41,0.84
2.53,124.4,76.07,1350.0,16.78,314.82,75.48,0.526,96.43,1,bearing_failure,high,F,49.17,56.36,5.33
3.34,84.13,41.83,3216.0,3.75,182.86,64.28,0.394,16.13,0,none,low,B,25.17,13.01,2.05
2.22,120.65,77.62,1185.0,14.18,291.59,81.3,0.675,88.97,1,bearing_failure,critical,D,54.24,65.49,4.86
3.44,90.16,47.55,3203.0,3.17,210.69,47.24,0.112,18.83,0,none,low,B,26.22,14.85,1.5
5.49,72.43,46.82,2460.0,5.14,215.37,66.07,0.189,23.74,0,none,low,B,13.2,19.03,2.38
3.2,80.79,46.22,2447.0,5.15,208.37,49.82,0.385,1.52,0,none,low,A,25.21,18.89,2.47
3.5,97.67,48.44,2716.0,5.96,212.23,63.37,0.447,52.93,0,splice_wear,low,C,27.9,17.83,2.81
4.67,81.24,43.17,1639.0,5.3,212.22,50.64,0.33,0.32,0,none,low,A,17.4,26.33,2.5
3.16,89.51,44.63,3127.0,1.02,190.1,61.21,0.147,16.24,0,none,low,B,28.3,14.27,0.54
3.45,81.89,42.38,1792.0,1.93,166.36,50.49,0.168,9.88,0,none,low,A,23.71,23.65,1.16
4.1,89.4,43.82,1753.0,1.24,220.24,46.84,0.145,0.55,0,none,low,A,21.83,25.0,0.56
4.46,94.67,47.51,2322.0,2.86,173.75,48.51,0.141,3.31,0,none,low,A,21.25,20.46,1.64
3.6,77.67,49.15,2657.0,5.94,179.8,55.53,0.197,4.57,0,none,low,A,21.57,18.5,3.3
5.36,94.67,28.99,1801.0,3.12,164.91,53.37,0.139,11.41,0,none,low,B,17.65,16.1,1.89
3.88,72.36,37.42,3467.0,2.64,220.11,64.39,0.386,19.75,0,none,low,B,18.65,10.79,1.2
5.14,71.89,38.18,3479.0,4.85,226.97,62.93,0.362,17.66,0,none,low,B,13.98,10.98,2.14
2.81,124.75,81.1,1608.0,11.74,252.49,93.71,0.793,71.33,0,bearing_failure,critical,D,44.39,50.45,4.65
1.22,122.07,79.39,1771.0,14.14,250.74,90.23,0.553,64.44,1,bearing_failure,critical,D,100.08,44.84,5.64
3.1,80.75,29.39,3078.0,3.65,152.32,45.93,0.284,20.15,0,none,low,B,26.09,9.55,2.39
4.39,90.0,41.43,1950.0,4.07,200.26,61.88,0.286,24.23,0,none,low,B,20.52,21.25,2.03
5.38,83.46,42.78,1699.0,2.9,211.55,61.26,0.112,13.66,0,none,low,B,15.52,25.18,1.37
5.49,92.43,28.46,3217.0,5.6,178.28,61.55,0.233,16.38,0,none,low,B,16.84,8.85,3.14
3.81,80.61,31.2,3162.0,2.74,182.01,65.56,0.249,13.61,0,none,low,B,21.18,9.87,1.51
0.92,114.2,84.28,1247.0,12.34,263.65,77.29,0.87,89.26,1,joint_rupture,high,D,123.63,67.6,4.68
2.54,125.56,75.65,1907.0,9.32,303.67,88.41,0.525,80.67,1,splice_failure,critical,D,49.41,39.67,3.07
1.16,106.39,62.01,1474.0,9.12,278.83,76.47,0.703,61.52,1,joint_rupture,high,F,92.08,42.07,3.27
3.89,75.89,33.38,2733.0,2.59,204.17,66.8,0.292,18.79,0,none,low,B,19.52,12.21,1.27
2.53,86.65,50.64,3379.0,9.53,257.53,60.47,0.597,36.29,1,edge_damage,low,C,34.25,14.99,3.7
3.95,91.47,32.86,1808.0,5.55,225.07,45.29,0.318,7.73,0,none,low,A,23.18,18.17,2.47
4.17,80.67,39.33,2665.0,3.33,206.13,61.53,0.232,3.56,0,none,low,A,19.33,14.76,1.61
4.93,85.95,40.94,1959.0,4.23,176.79,66.15,0.296,6.95,0,none,low,A,17.43,20.9,2.39
5.12,78.39,39.56,2859.0,4.77,163.91,58.0,0.374,24.21,0,none,low,B,15.32,13.84,2.91
5.46,84.27,37.74,2603.0,1.58,182.14,55.54,0.355,18.97,0,none,low,B,15.44,14.5,0.87
3.87,74.68,35.65,2860.0,2.32,184.15,53.9,0.33,22.09,0,none,low,B,19.31,12.47,1.26
3.85,80.83,31.15,1836.0,1.82,160.45,49.13,0.161,2.8,0,none,low,A,20.97,16.97,1.14
5.48,91.98,29.0,2346.0,5.3,160.77,64.5,0.278,23.28,0,none,low,B,16.8,12.36,3.29
2.14,106.39,62.92,1298.0,10.68,257.17,81.05,0.93,60.65,1,splice_failure,critical,F,49.61,48.46,4.15
1.78,121.26,69.77,1810.0,15.09,298.85,85.72,0.943,69.58,1,bearing_failure,critical,F,67.94,38.56,5.05
4.47,86.98,31.1,2388.0,2.63,154.53,64.16,0.114,16.33,0,none,low,B,19.46,13.03,1.7
3.48,86.68,40.64,2131.0,3.56,169.7,64.87,0.194,6.13,0,none,low,A,24.9,19.08,2.1
3.04,96.26,62.64,3901.0,8.58,229.55,71.53,0.424,35.46,1,abrasion,medium,C,31.71,16.06,3.74
5.25,88.08,28.64,1546.0,3.58,188.74,55.19,0.191,24.67,0,none,low,B,16.78,18.52,1.9
4.23,80.12,31.75,1905.0,5.59,218.66,49.58,0.363,5.23,0,none,low,A,18.96,16.66,2.56
3.2,92.01,29.13,2610.0,4.9,159.35,54.3,0.113,17.07,0,none,low,B,28.72,11.16,3.07
4.4,93.32,34.73,1597.0,4.38,212.95,67.03,0.147,9.8,0,none,low,A,21.22,21.74,2.06
2.06,108.08,67.1,949.0,17.3,262.11,86.46,0.792,74.05,1,tear,high,D,52.42,70.72,6.6
4.18,76.72,29.23,2317.0,1.26,194.04,52.07,0.26,3.36,0,none,low,A,18.36,12.61,0.65
0.97,110.3,75.34,915.0,12.19,267.58,93.31,0.926,82.03,1,joint_rupture,high,F,113.13,82.35,4.56
3.27,94.1,40.61,1802.0,2.56,214.02,57.03,0.156,2.57,0,none,low,A,28.81,22.54,1.19
3.84,86.4,48.36,1995.0,5.28,223.64,65.75,0.386,21.05,0,none,low,B,22.48,24.23,2.36
4.02,82.29,47.2,2103.0,1.8,161.27,64.02,0.328,12.44,0,none,low,B,20.45,22.45,1.11
4.69,70.96,40.5,2297.0,5.89,190.6,57.7,0.314,12.11,0,none,low,B,15.12,17.63,3.09
4.34,93.61,37.02,2859.0,5.89,216.39,60.16,0.321,23.41,0,none,low,B,21.55,12.95,2.72
2.06,111.54,63.33,1263.0,17.49,312.29,85.47,0.769,71.74,1,bearing_failure,high,F,54.04,50.16,5.6
3.53,90.92,34.38,1873.0,3.03,208.44,67.21,0.343,23.51,0,none,low,B,25.78,18.35,1.45
3.18,83.94,34.39,3156.0,4.36,227.66,50.86,0.246,12.53,0,none,low,B,26.41,10.9,1.92
4.48,81.08,37.83,2225.0,1.08,191.77,52.71,0.1,7.7,0,none,low,A,18.12,17.0,0.57
3.98,73.3,39.17,2885.0,4.15,214.3,55.4,0.256,20.26,0,none,low,B,18.4,13.58,1.94
4.75,80.87,37.19,3020.0,1.87,177.09,50.16,0.208,5.76,0,none,low,A,17.01,12.31,1.06
5.0,89.67,36.02,3478.0,3.97,181.95,64.22,0.319,18.73,0,none,low,B,17.95,10.36,2.18
4.17,91.55,39.09,2867.0,3.94,217.39,51.54,0.273,3.08,0,none,low,A,21.95,13.63,1.81
4.83,71.07,42.87,2329.0,1.62,183.59,49.47,0.225,9.61,0,none,low,A,14.71,18.4,0.88
2.02,100.68,83.28,1623.0,9.31,307.32,79.01,0.79,77.73,1,splice_failure,critical,F,49.9,51.29,3.03
2.91,93.43,56.29,2148.0,7.41,253.74,63.39,0.399,38.86,0,edge_damage,medium,C,32.14,26.21,2.92
3.4,71.92,32.51,2931.0,5.04,186.2,56.65,0.11,1.73,0,none,low,A,21.15,11.09,2.71
4.36,88.49,41.31,2284.0,1.59,212.46,53.37,0.321,12.82,0,none,low,B,20.3,18.08,0.75
2.8,116.05,72.79,1119.0,17.42,282.05,77.55,0.716,64.83,1,joint_rupture,critical,F,41.41,65.06,6.18
2.78,125.0,77.19,1227.0,11.17,265.57,94.04,0.979,87.54,1,tear,high,D,44.94,62.89,4.21
4.13,77.52,40.57,1800.0,4.92,176.6,58.6,0.315,22.23,0,none,low,B,18.77,22.54,2.79
1.47,115.1,79.22,1853.0,9.93,276.94,90.52,0.716,72.62,1,tear,critical,D,78.24,42.75,3.59
2.32,110.4,82.19,1566.0,16.67,275.27,77.91,0.666,77.3,1,joint_rupture,high,F,47.54,52.5,6.05
4.09,108.07,58.36,3710.0,9.7,234.8,64.27,0.42,51.54,0,splice_wear,medium,C,26.44,15.73,4.13
4.71,76.28,38.99,2993.0,3.81,156.66,49.27,0.166,6.45,0,none,low,A,16.2,13.03,2.43
4.26,75.08,29.49,1843.0,5.92,187.48,64.95,0.355,12.79,0,none,low,B,17.62,16.0,3.16
3.88,93.17,61.64,2167.0,8.87,206.0,75.86,0.391,47.9,0,splice_wear,low,C,24.03,28.44,4.3
5.37,71.03,48.21,2718.0,5.04,180.71,55.85,0.361,10.37,0,none,low,B,13.23,17.74,2.79
3.05,73.96,42.12,2934.0,3.91,161.46,55.24,0.207,12.39,0,none,low,B,24.25,14.36,2.42
0.71,126.71,71.79,1693.0,10.26,296.95,79.73,0.719,60.64,0,bearing_failure,high,D,178.47,42.42,3.46
5.0,88.83,43.31,2475.0,2.83,180.05,56.57,0.123,17.06,0,none,low,B,17.75,17.5,1.57
3.56,76.96,31.97,3303.0,1.85,220.63,58.16,0.36,11.85,0,none,low,B,21.61,9.68,0.84
3.61,88.78,53.94,3140.0,8.03,221.93,61.37,0.497,42.1,0,splice_wear,medium,C,24.6,17.18,3.62
2.61,102.96,84.84,1280.0,10.47,306.85,79.51,0.763,64.86,1,tear,critical,D,39.45,66.25,3.41
2.76,100.25,65.42,1793.0,15.04,312.61,76.14,0.798,81.62,0,bearing_failure,critical,F,36.35,36.49,4.81
3.56,86.05,48.92,1914.0,4.56,209.39,56.46,0.369,24.16,0,none,low,B,24.18,25.56,2.18
4.63,86.56,36.88,2134.0,5.67,213.2,47.63,0.136,23.06,0,none,low,B,18.7,17.29,2.66
4.72,75.67,28.77,1619.0,2.87,156.21,58.72,0.294,9.34,0,none,low,A,16.03,17.77,1.84
3.36,97.21,53.62,3936.0,8.41,218.91,73.21,0.399,29.4,0,splice_wear,low,C,28.93,13.62,3.84
5.17,79.67,35.7,3496.0,3.41,214.42,63.51,0.378,2.12,0,none,low,A,15.4,10.21,1.59
4.92,84.07,40.31,1832.0,2.41,191.71,51.38,0.163,2.19,0,none,low,A,17.09,22.0,1.25
4.92,87.97,29.01,1907.0,3.8,175.81,63.93,0.335,22.29,0,none,low,B,17.87,15.21,2.16
3.88,85.15,29.96,1519.0,1.09,182.6,50.25,0.147,15.38,0,none,low,B,21.95,19.72,0.59
3.59,88.59,63.68,2584.0,9.39,216.98,74.51,0.363,35.25,0,edge_damage,medium,C,24.66,24.65,4.33
1.51,129.15,71.62,1964.0,10.77,313.32,75.28,0.773,76.08,1,splice_failure,high,F,85.26,36.47,3.44
3.26,81.45,36.27,2655.0,3.19,151.39,67.86,0.263,11.84,0,none,low,B,24.99,13.66,2.11
2.88,109.24,50.22,3598.0,6.36,201.99,69.31,0.359,51.52,0,edge_damage,medium,C,37.95,13.96,3.15
4.1,104.25,58.38,3665.0,7.87,227.96,71.46,0.389,31.39,0,edge_damage,low,C,25.43,15.93,3.45
3.99,93.86,48.17,1967.0,4.9,199.82,48.55,0.207,4.44,0,none,low,A,23.52,24.49,2.45
4.54,79.38,36.67,2579.0,1.44,209.1,54.24,0.244,24.36,0,none,low,B,17.49,14.22,0.69
4.62,79.81,47.67,3194.0,2.21,205.34,46.5,0.389,8.72,0,none,low,A,17.27,14.93,1.08
3.77,114.51,62.53,2321.0,7.74,220.91,67.82,0.401,36.76,0,splice_wear,low,C,30.41,26.95,3.5
3.7,77.22,44.25,1559.0,2.9,182.6,56.16,0.301,9.24,0,none,low,A,20.89,28.38,1.59
5.21,94.53,28.44,2593.0,2.71,172.16,52.72,0.292,4.77,0,none,low,A,18.14,10.97,1.57
3.15,107.97,45.33,2864.0,6.78,220.29,66.07,0.309,30.32,0,abrasion,medium,C,34.26,15.83,3.08
3.42,94.35,41.82,2401.0,1.39,203.57,48.17,0.301,24.48,0,none,low,B,27.61,17.42,0.68
3.54,85.63,39.28,2566.0,3.39,203.9,58.15,0.396,20.65,0,none,low,B,24.22,15.31,1.66
4.81,75.36,45.21,1795.0,3.37,213.25,51.44,0.351,16.1,0,none,low,B,15.65,25.19,1.58
4.06,93.15,32.79,2887.0,4.54,223.8,61.4,0.275,22.56,0,none,low,B,22.95,11.36,2.03
0.58,111.21,75.8,1427.0,11.87,260.11,86.06,0.643,68.85,1,tear,high,D,191.26,53.13,4.56
4.56,73.82,46.59,1892.0,5.66,170.05,61.88,0.185,7.94,0,none,low,A,16.2,24.63,3.33
4.87,83.92,47.42,2115.0,4.46,210.24,48.48,0.22,12.07,0,none,low,B,17.23,22.43,2.12
3.81,87.16,32.75,2919.0,5.68,195.22,59.06,0.121,21.61,0,none,low,B,22.91,11.22,2.91
4.54,94.48,41.1,2949.0,3.23,154.83,63.34,0.11,17.52,0,none,low,B,20.82,13.94,2.08
5.16,73.94,39.31,2694.0,3.29,177.26,55.76,0.193,10.95,0,none,low,B,14.34,14.59,1.85
4.42,75.95,49.75,2502.0,1.97,188.17,64.93,0.107,16.99,0,none,low,B,17.2,19.89,1.05
3.42,90.44,36.12,2088.0,5.14,201.08,65.66,0.289,18.52,0,none,low,B,26.41,17.3,2.56
4.05,103.41,46.39,3017.0,5.41,244.16,69.84,0.586,31.41,0,abrasion,medium,C,25.52,15.38,2.22
4.81,88.06,45.93,3207.0,1.39,177.46,60.8,0.25,4.77,0,none,low,A,18.32,14.32,0.78
4.02,79.75,45.81,2315.0,1.13,154.65,64.69,0.388,17.21,0,none,low,B,19.85,19.79,0.73
5.35,86.57,46.58,3032.0,2.9,188.3,49.28,0.188,19.45,0,none,low,B,16.19,15.36,1.54
1.66,102.6,61.42,1249.0,13.17,292.64,75.13,0.995,73.83,1,splice_failure,high,F,61.7,49.17,4.5
3.98,76.72,49.66,3208.0,5.65,213.1,55.5,0.162,5.2,0,none,low,A,19.27,15.48,2.65
4.37,93.0,49.82,2075.0,4.49,197.77,56.25,0.3,9.28,0,none,low,A,21.3,24.01,2.27
2.39,107.27,64.21,1273.0,15.9,315.72,83.55,0.887,77.88,1,tear,high,D,44.97,50.44,5.04
1.05,123.94,65.34,1121.0,11.1,286.05,81.44,0.577,77.22,1,splice_failure,critical,D,118.2,58.31,3.88
4.65,93.99,30.2,2465.0,1.25,189.96,50.8,0.373,9.96,0,none,low,A,20.22,12.25,0.66
5.15,94.59,39.08,2412.0,1.38,151.02,59.0,0.12,9.51,0,none,low,A,18.36,16.21,0.91
4.54,80.64,30.79,2093.0,3.85,202.54,55.63,0.341,2.81,0,none,low,A,17.77,14.71,1.9
3.11,83.4,43.54,1761.0,4.19,188.16,67.71,0.315,16.44,0,none,low,B,26.81,24.72,2.23
5.49,94.51,39.84,2410.0,3.31,184.27,57.22,0.182,23.17,0,none,low,B,17.2,16.53,1.8
5.11,81.88,43.8,2174.0,4.12,189.87,53.44,0.364,2.82,0,none,low,A,16.04,20.15,2.17
3.49,91.53,33.58,2767.0,1.83,182.39,65.69,0.15,16.58,0,none,low,B,26.26,12.14,1.0
4.04,83.52,40.7,2705.0,4.2,171.74,54.23,0.111,19.22,0,none,low,B,20.68,15.05,2.45
2.9,86.26,64.41,3614.0,6.8,228.91,65.26,0.479,50.11,0,splice_wear,medium,C,29.72,17.82,2.97
4.56,81.56,48.58,2284.0,3.01,202.06,57.12,0.212,24.74,0,none,low,B,17.9,21.27,1.49
3.69,91.61,28.07,1903.0,3.95,163.0,67.67,0.239,14.93,0,none,low,B,24.8,14.76,2.42
3.72,85.37,40.09,3069.0,2.35,202.28,51.69,0.276,15.13,0,none,low,B,22.93,13.06,1.16
4.37,70.3,39.03,2895.0,1.36,225.1,55.55,0.382,2.68,0,none,low,A,16.08,13.48,0.61
3.42,113.14,49.65,2070.0,8.97,235.75,69.25,0.31,47.86,0,edge_damage,medium,C,33.05,23.99,3.8
4.77,75.81,47.38,2575.0,5.29,171.68,62.38,0.272,1.21,0,none,low,A,15.9,18.4,3.08
3.46,78.98,36.43,2450.0,4.0,195.68,45.9,0.325,23.73,0,none,low,B,22.83,14.87,2.04
3.45,83.5,43.51,2858.0,4.06,161.7,64.25,0.228,5.54,0,none,low,A,24.21,15.22,2.51
4.04,85.45,42.64,3425.0,1.77,228.86,60.06,0.236,22.2,0,none,low,B,21.14,12.45,0.77
3.87,92.1,42.67,2898.0,5.48,185.87,60.11,0.323,11.35,0,none,low,B,23.79,14.72,2.95
4.93,71.2,43.79,3322.0,2.73,158.16,50.36,0.269,23.57,0,none,low,B,14.45,13.18,1.73
3.28,85.69,44.12,2287.0,4.61,175.99,63.15,0.202,6.4,0,none,low,A,26.11,19.3,2.62
1.21,128.05,77.27,1065.0,14.53,310.93,88.92,0.622,84.66,1,tear,critical,F,105.58,72.57,4.67
4.09,72.8,31.1,3142.0,5.43,168.77,47.61,0.116,15.21,0,none,low,B,17.81,9.9,3.22
3.86,106.39,63.71,2130.0,5.96,204.11,75.62,0.538,45.11,0,splice_wear,medium,C,27.57,29.91,2.92
4.4,76.45,29.61,2962.0,2.5,186.19,47.94,0.341,14.14,0,none,low,B,17.37,10.0,1.34
4.38,111.76,56.53,3868.0,6.62,221.94,60.82,0.477,50.27,1,abrasion,medium,C,25.5,14.62,2.98
3.44,86.55,31.47,3308.0,2.15,173.31,64.57,0.238,0.6,0,none,low,A,25.15,9.51,1.24
3.21,94.63,40.94,2013.0,3.82,156.15,63.4,0.378,21.86,0,none,low,B,29.47,20.34,2.45
3.81,70.88,42.33,2570.0,3.3,222.61,48.86,0.103,1.83,0,none,low,A,18.58,16.47,1.48
3.08,82.57,34.91,1861.0,4.75,166.36,60.81,0.205,12.8,0,none,low,B,26.78,18.76,2.86
3.5,110.63,56.76,2554.0,6.99,240.82,76.03,0.312,27.5,0,edge_damage,medium,C,31.6,22.23,2.9
3.55,74.9,30.87,3368.0,1.72,166.35,50.66,0.38,18.89,0,none,low,B,21.08,9.17,1.03
4.17,97.25,50.26,3152.0,9.11,246.72,76.02,0.578,33.33,0,splice_wear,low,C,23.31,15.95,3.69
4.22,94.88,52.36,2078.0,6.63,253.3,60.46,0.422,26.1,0,abrasion,low,C,22.47,25.2,2.62
2.22,110.11,62.79,1138.0,10.89,259.54,75.49,0.968,95.0,0,tear,high,F,49.6,55.18,4.2
3.8,73.78,45.83,3020.0,3.42,193.02,46.37,0.267,19.78,0,none,low,B,19.42,15.18,1.77
3.66,86.69,35.95,2590.0,3.44,180.49,61.53,0.365,0.13,0,none,low,A,23.66,13.88,1.9
2.25,125.67,71.68,1802.0,10.6,261.14,88.15,0.935,93.91,1,tear,critical,D,55.81,39.78,4.06
3.55,87.89,39.48,2541.0,1.37,190.98,63.92,0.384,2.67,0,none,low,A,24.74,15.54,0.72
4.42,92.26,44.53,3431.0,5.8,168.05,61.68,0.259,5.37,0,none,low,A,20.87,12.98,3.45
3.2,89.89,35.14,3214.0,4.04,203.89,51.71,0.237,10.31,0,none,low,B,28.07,10.93,1.98
5.08,85.55,28.82,3140.0,1.53,182.3,58.14,0.102,16.32,0,none,low,B,16.84,9.18,0.84
4.63,74.09,33.63,1995.0,5.8,155.4,54.86,0.361,19.24,0,none,low,B,16.0,16.86,3.73
1.47,109.29,60.77,980.0,14.06,261.04,89.73,0.519,69.86,1,splice_failure,critical,D,74.44,62.01,5.39
1.81,118.74,78.94,1809.0,15.86,274.78,94.93,0.717,60.93,1,tear,critical,F,65.46,43.63,5.77
3.62,103.86,63.7,2513.0,8.06,219.48,63.9,0.325,46.72,1,abrasion,low,C,28.7,25.34,3.67
4.61,80.37,47.87,2226.0,1.63,161.52,65.49,0.396,7.22,0,none,low,A,17.45,21.51,1.01
4.21,87.74,41.47,3402.0,5.09,219.52,57.46,0.198,17.54,0,none,low,B,20.86,12.19,2.32
3.72,73.81,39.61,2689.0,3.84,159.32,58.11,0.151,16.59,0,none,low,B,19.84,14.73,2.41
5.12,89.46,43.94,2901.0,3.8,154.89,60.08,0.24,11.74,0,none,low,B,17.47,15.14,2.45
5.32,76.24,34.97,3426.0,5.05,151.13,65.84,0.168,17.65,0,none,low,B,14.32,10.21,3.34
4.34,87.95,32.56,1818.0,4.26,173.25,67.4,0.235,2.79,0,none,low,A,20.26,17.91,2.46
3.77,73.71,37.3,3428.0,3.06,177.79,55.22,0.104,3.33,0,none,low,A,19.58,10.88,1.72
0.89,116.07,84.16,988.0,10.68,314.88,89.11,0.576,74.95,0,tear,high,F,129.7,85.19,3.39
4.36,85.04,41.39,2276.0,3.11,216.74,55.95,0.396,10.99,0,none,low,B,19.53,18.18,1.43
3.13,86.33,46.73,3385.0,5.99,172.57,58.23,0.235,14.1,0,none,low,B,27.62,13.81,3.47
5.14,92.74,37.89,2061.0,1.7,204.7,52.18,0.373,16.78,0,none,low,B,18.04,18.39,0.83
4.4,71.14,48.5,2756.0,5.97,192.99,61.33,0.117,15.79,0,none,low,B,16.17,17.6,3.09
2.43,106.79,84.38,1994.0,9.68,315.55,80.79,0.845,72.85,1,tear,critical,F,44.03,42.31,3.07
2.58,103.08,47.47,3010.0,9.76,241.91,71.11,0.472,31.28,0,abrasion,low,C,39.97,15.77,4.03
3.44,113.14,60.78,3929.0,8.04,220.03,74.88,0.387,30.77,1,edge_damage,medium,C,32.86,15.47,3.65
2.01,109.08,65.01,1451.0,12.96,277.31,88.45,0.845,61.74,1,joint_rupture,high,F,54.25,44.8,4.67
3.89,85.43,51.49,2638.0,8.74,218.87,71.4,0.507,48.04,0,edge_damage,medium,C,21.98,19.52,4.0
4.41,71.59,47.27,3151.0,2.73,195.35,66.44,0.181,18.56,0,none,low,B,16.23,15.0,1.4
4.31,92.1,40.14,2733.0,5.54,207.23,61.01,0.276,15.82,0,none,low,B,21.38,14.69,2.67
2.49,121.23,63.39,1780.0,15.62,303.93,79.62,0.952,63.7,1,bearing_failure,high,D,48.72,35.6,5.14
4.04,85.78,36.49,2179.0,4.17,197.28,51.75,0.145,9.21,0,none,low,A,21.24,16.74,2.11
4.57,92.86,28.8,1987.0,1.97,190.18,54.88,0.319,6.06,0,none,low,A,20.31,14.49,1.04
5.21,92.77,49.09,3047.0,5.53,168.76,49.54,0.102,17.67,0,none,low,B,17.81,16.11,3.28
3.77,107.39,63.55,3294.0,9.85,220.68,66.3,0.463,38.42,0,abrasion,low,C,28.46,19.29,4.46
1.36,115.67,69.0,819.0,14.06,258.66,76.6,0.878,60.36,1,bearing_failure,critical,F,84.89,84.22,5.44
3.04,87.93,60.87,3650.0,5.17,221.52,73.5,0.584,38.22,1,edge_damage,low,C,28.93,16.67,2.33
4.47,88.91,37.09,2340.0,1.44,166.16,48.56,0.245,13.23,0,none,low,B,19.89,15.85,0.87
3.7,100.79,55.32,3746.0,6.03,202.45,72.1,0.404,25.62,0,splice_wear,medium,C,27.24,14.77,2.98
3.43,80.33,38.61,2418.0,5.87,153.64,66.87,0.275,19.89,0,none,low,B,23.41,15.97,3.82
4.13,91.98,47.71,1977.0,2.0,189.7,65.71,0.197,16.3,0,none,low,B,22.25,24.13,1.05
1.91,112.07,84.18,1534.0,15.56,274.15,88.4,0.629,69.31,1,splice_failure,critical,D,58.68,54.89,5.67
3.16,83.43,46.61,2313.0,4.92,216.91,55.45,0.277,13.35,0,none,low,B,26.4,20.15,2.27
2.81,106.6,67.76,885.0,13.5,311.17,81.54,0.564,62.6,1,bearing_failure,critical,D,37.89,76.55,4.34
5.12,73.95,28.48,3070.0,1.37,229.08,60.52,0.326,6.15,0,none,low,A,14.45,9.28,0.6
3.11,90.95,31.73,2895.0,2.12,155.48,56.07,0.151,18.24,0,none,low,B,29.26,10.96,1.37
3.86,84.19,34.27,2256.0,5.08,164.34,46.89,0.199,10.61,0,none,low,B,21.83,15.19,3.09
3.93,89.75,28.87,2364.0,2.91,201.81,67.22,0.253,24.67,0,none,low,B,22.83,12.21,1.44
3.08,74.14,36.69,2133.0,1.49,184.61,52.78,0.137,7.4,0,none,low,A,24.09,17.21,0.8
3.93,103.36,53.54,2478.0,6.85,235.53,66.31,0.364,29.08,1,edge_damage,low,C,26.31,21.61,2.91
5.18,83.67,38.58,3349.0,4.6,158.92,49.09,0.336,20.9,0,none,low,B,16.15,11.52,2.89
4.39,85.8,37.66,2860.0,1.54,226.9,62.25,0.289,7.91,0,none,low,A,19.56,13.17,0.68
4.02,86.54,41.94,2265.0,4.07,215.1,45.6,0.235,18.96,0,none,low,B,21.51,18.51,1.89
4.63,82.92,49.82,1609.0,3.46,157.31,48.68,0.215,3.89,0,none,low,A,17.91,30.96,2.2
1.34,119.19,73.34,1779.0,14.65,250.02,90.26,0.873,79.37,1,joint_rupture,critical,F,88.93,41.23,5.86
3.29,114.9,59.65,3906.0,5.82,213.28,62.79,0.391,50.35,0,edge_damage,low,C,34.91,15.27,2.73
5.07,70.16,32.91,2710.0,1.48,187.3,55.03,0.356,15.63,0,none,low,B,13.83,12.14,0.79
5.38,94.56,42.37,2544.0,4.04,180.6,67.71,0.312,7.28,0,none,low,A,17.58,16.66,2.24
3.11,75.12,33.12,2330.0,2.07,200.47,49.86,0.156,11.78,0,none,low,B,24.14,14.22,1.03
3.33,102.34,50.14,2707.0,6.07,234.31,72.55,0.502,33.92,1,splice_wear,low,C,30.75,18.52,2.59
3.87,84.94,31.12,2796.0,5.32,173.45,55.35,0.168,9.03,0,none,low,A,21.92,11.13,3.06
5.38,80.4,45.36,1785.0,5.06,218.81,61.46,0.371,4.18,0,none,low,A,14.93,25.4,2.31
4.55,84.9,46.94,1931.0,1.88,170.27,65.51,0.382,14.24,0,none,low,B,18.66,24.31,1.1
4.51,85.41,31.75,2873.0,3.26,191.39,45.7,0.329,20.89,0,none,low,B,18.92,11.05,1.7
4.87,83.07,41.6,2289.0,4.96,187.46,60.64,0.286,17.56,0,none,low,B,17.05,18.17,2.65
2.53,114.92,83.92,1703.0,10.54,308.07,86.03,0.992,87.32,0,tear,high,D,45.37,49.27,3.42
4.44,83.62,38.81,2935.0,2.58,212.57,49.03,0.335,16.6,0,none,low,B,18.82,13.22,1.22
4.2,86.68,29.76,3203.0,1.28,161.9,58.27,0.322,1.91,0,none,low,A,20.62,9.29,0.79
2.01,114.44,78.53,1194.0,13.44,314.13,94.11,0.964,69.97,1,tear,critical,F,56.8,65.77,4.28
2.97,103.79,63.42,2367.0,9.02,228.6,74.39,0.452,38.21,0,abrasion,low,C,35.0,26.8,3.94
5.15,92.92,39.01,2591.0,5.17,193.01,56.89,0.372,19.75,0,none,low,B,18.05,15.06,2.68
3.55,110.27,47.22,3589.0,5.91,248.49,71.02,0.358,41.57,0,splice_wear,medium,C,31.07,13.16,2.38
5.25,82.98,39.13,1625.0,5.61,164.17,57.15,0.341,5.39,0,none,low,A,15.81,24.09,3.42
3.6,88.99,40.42,3212.0,5.47,201.9,61.68,0.265,9.61,0,none,low,A,24.71,12.58,2.71
5.27,80.42,34.92,2277.0,3.18,155.88,56.46,0.248,14.71,0,none,low,B,15.26,15.34,2.04
4.53,91.96,49.02,2667.0,1.21,227.54,61.23,0.201,3.68,0,none,low,A,20.29,18.38,0.53
3.42,71.14,47.85,2582.0,4.5,216.25,63.21,0.365,24.18,0,none,low,B,20.8,18.53,2.08
5.38,88.08,29.55,2864.0,4.43,222.47,53.58,0.275,0.3,0,none,low,A,16.38,10.32,1.99
3.16,83.05,45.98,1913.0,3.64,166.32,47.78,0.253,1.98,0,none,low,A,26.32,24.04,2.19
3.08,72.67,40.1,2683.0,1.14,195.87,64.29,0.317,3.28,0,none,low,A,23.61,14.95,0.58
4.68,70.93,46.82,3313.0,5.25,215.97,62.13,0.29,16.97,0,none,low,B,15.15,14.13,2.43
1.32,111.28,82.43,821.0,15.29,316.83,89.12,0.997,86.13,0,splice_failure,high,F,84.35,100.45,4.83
3.97,92.01,49.57,2286.0,5.43,190.77,61.49,0.114,13.93,0,none,low,B,23.19,21.69,2.85
3.67,84.17,45.76,2622.0,5.68,214.83,48.59,0.217,16.71,0,none,low,B,22.93,17.45,2.64
2.41,117.21,78.92,1128.0,11.55,295.8,92.44,0.985,72.97,1,bearing_failure,critical,D,48.68,69.97,3.91
2.15,102.06,69.05,1922.0,16.76,269.99,78.14,0.725,73.52,1,joint_rupture,high,D,47.37,35.92,6.21
4.14,102.13,45.64,3806.0,5.2,230.91,60.88,0.321,56.05,1,splice_wear,medium,C,24.66,11.99,2.25
4.99,92.24,38.3,3295.0,3.54,205.06,67.52,0.171,4.21,0,none,low,A,18.5,11.62,1.73
3.41,77.1,44.35,2455.0,2.88,179.5,49.47,0.234,15.62,0,none,low,B,22.6,18.06,1.6
5.43,81.08,48.86,1769.0,4.84,199.41,63.86,0.28,24.07,0,none,low,B,14.93,27.61,2.43
4.96,91.94,43.72,2548.0,2.36,218.36,56.05,0.286,1.98,0,none,low,A,18.53,17.16,1.08
4.75,84.6,37.87,1947.0,2.55,206.05,50.16,0.287,14.74,0,none,low,B,17.83,19.45,1.24
2.72,100.18,55.54,2080.0,9.13,229.68,66.24,0.396,55.15,0,edge_damage,medium,C,36.88,26.7,3.97
2.52,93.9,50.63,3780.0,9.84,204.23,68.48,0.464,28.25,0,edge_damage,low,C,37.33,13.39,4.82
3.53,84.05,39.83,2682.0,2.74,150.47,45.81,0.299,13.08,0,none,low,B,23.8,14.85,1.82
4.13,97.76,46.93,3956.0,7.56,237.77,72.07,0.409,51.16,1,splice_wear,medium,C,23.67,11.86,3.18
4.89,74.75,35.32,1718.0,4.01,214.08,59.05,0.154,13.66,0,none,low,B,15.28,20.56,1.87
4.17,108.54,45.43,2479.0,7.71,243.06,75.85,0.492,38.31,0,splice_wear,low,C,26.06,18.33,3.17
4.74,74.53,30.0,2002.0,2.42,201.78,48.7,0.379,13.86,0,none,low,B,15.73,14.99,1.2
4.09,84.17,28.49,3480.0,3.79,152.82,58.57,0.231,0.6,0,none,low,A,20.59,8.19,2.48
3.66,113.85,49.75,2508.0,5.0,203.98,60.81,0.547,54.29,1,abrasion,medium,C,31.14,19.83,2.45
4.85,92.9,38.07,2786.0,1.52,222.36,58.08,0.334,19.86,0,none,low,B,19.16,13.67,0.68
4.32,94.01,29.97,2866.0,5.81,174.05,64.81,0.38,18.68,0,none,low,B,21.75,10.46,3.34
3.84,70.9,46.29,3199.0,4.16,178.2,46.77,0.326,18.16,0,none,low,B,18.49,14.47,2.34
2.57,122.38,75.77,1312.0,17.12,295.57,82.97,0.542,71.05,1,splice_failure,high,F,47.59,57.73,5.79
4.49,90.03,60.78,3410.0,6.61,219.84,70.14,0.556,38.52,0,splice_wear,low,C,20.06,17.82,3.01
5.35,87.43,29.12,2086.0,1.25,216.4,65.84,0.134,11.01,0,none,low,B,16.35,13.96,0.58
3.08,94.13,45.6,2073.0,9.76,234.27,65.52,0.414,50.02,0,abrasion,medium,C,30.52,22.0,4.17
4.82,74.51,29.53,2354.0,1.2,227.2,59.43,0.146,4.31,0,none,low,A,15.45,12.55,0.53
3.89,89.36,40.01,2367.0,5.81,181.26,54.21,0.3,20.24,0,none,low,B,22.96,16.9,3.21
4.75,79.32,38.55,1894.0,4.4,167.72,45.03,0.38,7.65,0,none,low,A,16.71,20.35,2.62
3.67,78.26,38.44,1639.0,1.26,173.43,51.8,0.135,10.12,0,none,low,B,21.32,23.46,0.73
3.07,92.14,47.49,1918.0,1.81,193.78,59.51,0.387,9.43,0,none,low,A,30.06,24.76,0.94
5.2,81.25,30.69,2255.0,1.68,151.33,62.29,0.172,0.05,0,none,low,A,15.64,13.61,1.11
2.98,92.88,49.81,2389.0,9.21,210.22,70.11,0.323,58.23,0,edge_damage,low,C,31.19,20.85,4.38
5.03,91.34,43.46,1686.0,1.08,163.48,47.72,0.318,13.93,0,none,low,B,18.17,25.78,0.66
3.63,73.87,32.54,2301.0,4.7,170.36,61.07,0.247,22.14,0,none,low,B,20.34,14.15,2.76
4.13,72.42,35.37,2514.0,4.66,165.85,50.02,0.289,9.56,0,none,low,A,17.55,14.07,2.81
5.09,82.48,42.35,2814.0,5.02,201.05,46.49,0.203,24.73,0,none,low,B,16.2,15.05,2.5
4.47,91.07,40.9,2245.0,1.4,178.93,49.19,0.388,17.88,0,none,low,B,20.39,18.22,0.78
2.72,93.0,50.19,2974.0,7.3,226.0,68.93,0.596,35.44,0,edge_damage,medium,C,34.19,16.88,3.23
3.5,83.95,33.83,1574.0,5.08,160.26,53.46,0.243,10.81,0,none,low,B,23.99,21.5,3.17
1.24,101.55,79.19,1223.0,17.01,277.65,89.35,0.97,84.74,1,tear,critical,D,82.0,64.75,6.13
4.52,92.44,36.83,2270.0,1.02,199.07,45.68,0.251,20.11,0,none,low,B,20.45,16.22,0.51
3.67,89.65,33.93,2966.0,4.05,163.6,65.82,0.16,24.74,0,none,low,B,24.4,11.44,2.48
3.66,75.0,28.31,2965.0,4.47,213.39,50.9,0.233,16.48,0,none,low,B,20.5,9.55,2.09
4.74,85.85,30.52,3062.0,4.6,202.47,48.57,0.18,9.83,0,none,low,A,18.1,9.97,2.27
3.57,90.13,42.04,2631.0,2.13,223.45,49.4,0.338,24.17,0,none,low,B,25.25,15.98,0.95
2.13,106.52,65.1,1189.0,9.06,297.72,80.37,0.908,73.65,1,joint_rupture,critical,F,50.07,54.73,3.04
3.67,71.32,41.09,1791.0,4.78,167.45,63.35,0.157,18.03,0,none,low,B,19.44,22.95,2.86
4.46,70.97,38.9,1797.0,3.43,161.31,55.05,0.133,5.5,0,none,low,A,15.92,21.64,2.13
5.44,81.23,43.12,2579.0,3.49,155.18,48.32,0.365,10.25,0,none,low,B,14.93,16.72,2.25
4.32,79.47,36.53,2611.0,1.71,180.98,55.28,0.396,8.79,0,none,low,A,18.39,13.99,0.94
3.34,71.64,47.17,2961.0,2.59,190.37,48.12,0.312,1.76,0,none,low,A,21.43,15.93,1.36
1.2,125.88,84.65,1105.0,16.26,302.51,89.94,0.979,78.49,1,bearing_failure,critical,F,105.15,76.59,5.37
3.57,72.68,31.07,2525.0,2.61,183.85,67.6,0.147,13.52,0,none,low,B,20.33,12.3,1.42
3.8,83.19,48.83,2282.0,1.32,181.05,48.35,0.169,15.45,0,none,low,B,21.91,21.39,0.73
4.16,85.24,37.28,1538.0,5.93,179.37,62.91,0.198,11.88,0,none,low,B,20.48,24.24,3.3
3.86,70.55,35.92,3279.0,4.45,161.63,58.6,0.368,17.5,0,none,low,B,18.29,10.95,2.75
5.17,77.54,37.99,2552.0,5.25,224.53,66.38,0.102,23.05,0,none,low,B,15.0,14.88,2.34
3.66,82.87,38.56,2709.0,3.4,224.75,50.53,0.182,23.02,0,none,low,B,22.62,14.23,1.51
4.52,87.04,39.12,2888.0,1.86,218.21,48.22,0.22,1.88,0,none,low,A,19.24,13.54,0.85
4.67,93.53,44.27,2582.0,5.66,188.27,57.91,0.279,10.25,0,none,low,B,20.01,17.14,3.01
3.61,106.67,63.08,3768.0,7.54,238.59,67.1,0.44,56.72,1,abrasion,medium,C,29.55,16.74,3.16
5.13,93.71,35.95,2537.0,4.9,194.97,67.85,0.237,17.85,0,none,low,B,18.28,14.17,2.51
4.21,101.38,53.23,2216.0,6.97,244.04,76.58,0.376,37.43,0,edge_damage,low,C,24.06,24.03,2.85
4.76,91.49,48.74,2587.0,1.75,220.29,45.94,0.342,17.01,0,none,low,B,19.21,18.84,0.8
0.63,118.28,63.12,894.0,13.03,256.83,89.56,0.984,81.64,1,joint_rupture,high,F,186.9,70.59,5.08
3.03,104.57,56.18,2725.0,8.21,216.27,74.31,0.369,30.56,1,edge_damage,medium,C,34.5,20.62,3.79
5.1,89.41,35.2,2816.0,1.62,190.56,45.43,0.217,1.87,0,none,low,A,17.55,12.5,0.85
4.05,81.11,29.0,2223.0,4.78,179.51,61.45,0.211,10.58,0,none,low,B,20.01,13.04,2.66
5.38,72.72,28.72,2716.0,5.75,229.18,56.14,0.24,16.12,0,none,low,B,13.53,10.58,2.51
4.59,91.85,44.42,2494.0,3.31,201.17,55.48,0.237,0.41,0,none,low,A,20.03,17.81,1.65
4.22,90.57,34.13,2545.0,2.72,158.38,67.04,0.356,1.96,0,none,low,A,21.45,13.41,1.72
4.49,94.07,49.77,3136.0,9.18,211.55,72.77,0.318,57.16,0,edge_damage,medium,C,20.95,15.87,4.34
4.12,94.33,49.79,2800.0,1.64,190.49,57.17,0.254,14.24,0,none,low,B,22.9,17.78,0.86
4.78,87.81,30.54,2640.0,3.84,204.6,46.96,0.288,7.02,0,none,low,A,18.38,11.57,1.88
4.93,87.64,30.62,2682.0,5.85,162.54,64.62,0.311,19.35,0,none,low,B,17.77,11.41,3.6
3.72,92.65,35.92,1626.0,4.0,159.99,63.32,0.293,21.87,0,none,low,B,24.91,22.09,2.5
3.26,108.24,53.35,3945.0,8.68,200.93,75.84,0.33,29.92,1,abrasion,low,C,33.18,13.52,4.32
3.72,78.78,35.54,2153.0,2.21,198.71,65.71,0.192,4.67,0,none,low,A,21.16,16.51,1.11
2.83,104.97,63.61,1450.0,14.53,283.61,86.98,0.59,78.23,1,splice_failure,critical,F,37.13,43.88,5.12
2.51,118.88,79.7,1636.0,10.74,253.66,93.07,0.973,87.62,1,bearing_failure,critical,F,47.44,48.71,4.23
3.65,97.47,47.36,2661.0,8.62,236.72,62.16,0.349,47.43,1,edge_damage,medium,C,26.71,17.8,3.64
3.78,70.51,44.9,2302.0,5.08,206.67,64.06,0.186,4.63,0,none,low,A,18.66,19.51,2.46
2.59,100.39,68.86,1691.0,9.7,289.71,83.58,0.509,68.97,1,bearing_failure,critical,D,38.84,40.71,3.35
3.56,82.19,46.75,1895.0,5.86,160.21,49.03,0.15,14.65,0,none,low,B,23.11,24.67,3.65
3.61,90.27,57.62,2246.0,7.46,239.31,70.42,0.342,30.65,0,edge_damage,medium,C,25.03,25.65,3.12
2.93,112.25,68.28,834.0,13.05,295.6,91.31,0.634,79.52,1,bearing_failure,critical,D,38.25,81.89,4.41
4.79,75.44,31.89,2217.0,4.27,168.72,49.22,0.103,11.79,0,none,low,B,15.76,14.38,2.53
3.58,71.34,37.44,3076.0,4.58,218.86,45.22,0.39,8.54,0,none,low,A,19.9,12.17,2.09
3.44,95.62,52.12,3685.0,8.73,259.53,71.04,0.439,28.15,1,edge_damage,medium,C,27.77,14.14,3.36
3.6,113.28,48.33,2585.0,5.76,247.53,61.12,0.324,35.45,0,abrasion,medium,C,31.51,18.7,2.33
5.39,93.82,34.15,2963.0,3.89,169.0,51.03,0.247,10.48,0,none,low,B,17.39,11.52,2.3
5.02,82.04,42.41,1879.0,3.67,175.44,57.11,0.334,19.22,0,none,low,B,16.35,22.57,2.09
4.74,93.53,41.76,1797.0,4.4,158.39,65.06,0.255,9.63,0,none,low,A,19.75,23.24,2.78
3.95,92.58,28.46,2449.0,5.66,181.59,54.85,0.274,11.57,0,none,low,B,23.43,11.62,3.11
3.05,85.25,48.26,1713.0,2.05,179.62,63.6,0.181,22.05,0,none,low,B,27.98,28.18,1.14
5.35,84.02,42.49,2235.0,4.91,163.33,46.12,0.219,21.34,0,none,low,B,15.7,19.01,3.01
1.93,103.9,81.02,1744.0,14.91,282.63,94.29,0.94,84.49,1,tear,high,F,53.82,46.45,5.27
2.29,124.17,84.78,962.0,17.69,292.08,91.27,0.825,81.66,1,tear,high,F,54.18,88.15,6.06
4.42,92.37,45.18,2868.0,6.79,232.35,74.34,0.553,39.04,0,abrasion,medium,C,20.89,15.76,2.92
4.6,71.61,44.14,2578.0,1.99,193.16,49.21,0.232,19.99,0,none,low,B,15.56,17.12,1.03
3.37,88.1,32.11,2977.0,3.4,186.3,64.58,0.313,0.82,0,none,low,A,26.13,10.79,1.82
5.18,70.46,40.0,2956.0,4.11,210.84,61.69,0.308,20.54,0,none,low,B,13.61,13.53,1.95
4.01,81.8,43.77,3253.0,2.36,177.37,66.41,0.274,4.47,0,none,low,A,20.42,13.46,1.33
5.48,90.59,44.41,1916.0,5.38,192.06,65.45,0.199,1.55,0,none,low,A,16.54,23.18,2.8
3.67,87.88,49.06,2882.0,5.43,186.24,62.75,0.353,17.77,0,none,low,B,23.92,17.02,2.92
4.56,87.51,33.57,3119.0,5.75,187.22,61.12,0.321,16.56,0,none,low,B,19.17,10.76,3.07
5.2,81.22,29.34,3189.0,4.37,217.94,48.19,0.109,23.36,0,none,low,B,15.61,9.2,2.01
5.02,90.58,43.59,1763.0,4.34,221.13,54.79,0.224,11.07,0,none,low,B,18.03,24.73,1.96
5.23,91.73,49.95,2670.0,4.76,166.21,60.35,0.295,22.53,0,none,low,B,17.54,18.71,2.86
2.67,126.06,61.59,1815.0,14.47,276.63,76.13,0.839,72.47,1,splice_failure,high,F,47.18,33.93,5.23
4.05,92.79,35.68,3036.0,2.95,214.39,67.56,0.216,21.13,0,none,low,B,22.91,11.75,1.37
1.58,114.57,67.59,1177.0,13.43,264.04,89.22,0.768,94.13,1,tear,critical,F,72.31,57.43,5.09
4.04,73.99,39.13,1670.0,1.23,191.59,50.7,0.129,10.6,0,none,low,B,18.29,23.43,0.64
2.54,126.16,84.32,1716.0,14.48,275.58,78.63,0.843,97.81,1,joint_rupture,critical,F,49.69,49.14,5.25
1.09,113.07,63.72,850.0,9.57,315.97,94.69,0.547,72.74,0,tear,high,D,103.35,74.93,3.03
3.93,88.04,35.19,2759.0,4.3,208.7,65.63,0.23,4.16,0,none,low,A,22.38,12.76,2.06
4.08,87.85,28.29,2132.0,4.9,203.67,61.83,0.344,19.58,0,none,low,B,21.53,13.27,2.41
4.1,94.59,40.52,1906.0,2.46,205.48,66.27,0.154,2.06,0,none,low,A,23.08,21.26,1.2
1.19,111.32,76.5,1196.0,16.89,257.53,75.76,0.604,70.87,0,tear,high,D,93.47,63.97,6.56
4.1,73.19,38.22,1829.0,4.65,227.89,55.8,0.29,10.77,0,none,low,B,17.86,20.9,2.04
5.43,73.24,30.46,2418.0,4.29,178.39,49.43,0.346,9.08,0,none,low,A,13.5,12.59,2.41
3.91,75.36,39.43,2837.0,5.0,168.2,48.84,0.106,5.7,0,none,low,A,19.26,13.9,2.97
3.86,73.64,40.76,2267.0,1.47,181.99,49.82,0.304,9.11,0,none,low,A,19.06,17.98,0.81
3.87,75.61,45.51,3467.0,1.13,205.2,51.07,0.12,0.36,0,none,low,A,19.52,13.13,0.55
4.49,98.27,48.75,3554.0,9.63,248.94,73.41,0.4,27.26,0,splice_wear,low,C,21.89,13.72,3.87
2.57,108.32,77.1,1835.0,13.31,280.09,89.39,0.78,97.74,1,splice_failure,high,D,42.14,42.02,4.75
4.97,86.46,39.31,1679.0,4.21,162.43,54.53,0.289,19.56,0,none,low,B,17.4,23.41,2.59
4.68,73.73,35.61,1586.0,4.6,226.21,51.07,0.126,11.89,0,none,low,B,15.76,22.46,2.03
0.62,129.23,80.72,958.0,17.3,281.55,82.44,0.731,91.71,1,splice_failure,high,F,209.47,84.26,6.14
4.57,83.79,45.86,2563.0,2.76,169.42,46.96,0.26,22.21,0,none,low,B,18.32,17.89,1.63
4.85,77.46,37.86,2149.0,1.55,183.36,62.58,0.218,16.25,0,none,low,B,15.98,17.62,0.84
4.1,95.17,50.12,2445.0,6.0,244.23,75.98,0.369,27.98,0,abrasion,low,C,23.24,20.5,2.46
4.37,88.61,36.99,3499.0,2.49,228.26,49.67,0.133,18.77,0,none,low,B,20.26,10.57,1.09
1.36,127.92,62.99,836.0,11.71,305.81,88.46,0.718,69.74,0,splice_failure,high,F,94.13,75.31,3.83
4.57,73.62,39.09,1811.0,1.64,150.97,59.5,0.208,2.63,0,none,low,A,16.11,21.58,1.09
3.42,93.54,35.04,2168.0,5.2,201.82,61.33,0.291,23.65,0,none,low,B,27.33,16.16,2.58
5.47,90.77,40.96,2825.0,4.24,154.67,50.01,0.388,13.36,0,none,low,B,16.59,14.5,2.74
4.91,83.11,28.29,2972.0,4.66,163.21,67.0,0.167,11.44,0,none,low,B,16.94,9.52,2.86
4.51,79.39,35.77,3154.0,1.05,213.84,58.14,0.396,14.74,0,none,low,B,17.61,11.34,0.49
3.13,92.08,46.51,2192.0,4.09,189.17,67.24,0.385,24.6,0,none,low,B,29.45,21.22,2.16
1.04,124.93,77.72,1955.0,14.14,255.96,86.95,0.843,68.37,1,tear,high,F,119.76,39.75,5.52
4.82,78.42,45.49,1827.0,3.7,190.65,47.31,0.209,2.12,0,none,low,A,16.28,24.89,1.94
5.11,76.76,44.83,1867.0,4.37,223.24,52.45,0.37,12.64,0,none,low,B,15.03,24.01,1.96
5.24,70.8,28.62,2700.0,4.98,210.12,46.83,0.385,17.58,0,none,low,B,13.51,10.6,2.37
3.89,110.8,52.61,3930.0,6.32,218.94,76.57,0.591,34.98,0,abrasion,medium,C,28.5,13.39,2.89
2.09,122.89,63.83,1968.0,12.28,293.98,84.37,0.734,86.7,1,joint_rupture,high,F,58.9,32.43,4.18
4.16,74.62,34.73,3048.0,3.27,220.58,48.4,0.253,16.17,0,none,low,B,17.96,11.39,1.48
5.22,94.74,30.55,1760.0,1.65,204.49,53.57,0.32,10.14,0,none,low,B,18.14,17.36,0.81
4.92,83.71,39.87,1676.0,3.05,193.66,55.63,0.37,22.66,0,none,low,B,17.0,23.78,1.58
3.93,96.86,49.65,2686.0,5.35,219.91,68.29,0.587,35.97,1,splice_wear,low,C,24.62,18.49,2.44
4.3,86.81,28.98,1942.0,3.28,176.48,61.39,0.253,4.01,0,none,low,A,20.2,14.92,1.86
3.96,108.4,64.26,2997.0,8.08,220.09,72.21,0.439,40.32,1,splice_wear,medium,C,27.36,21.44,3.67
1.77,114.71,69.05,1993.0,10.0,291.32,88.63,0.967,89.65,1,splice_failure,critical,D,64.96,34.64,3.43
5.04,90.9,35.93,2301.0,5.44,191.98,64.94,0.288,14.84,0,none,low,B,18.05,15.62,2.84
3.69,82.55,40.92,2761.0,4.58,202.5,64.52,0.189,16.04,0,none,low,B,22.34,14.82,2.26
4.2,76.7,36.38,2209.0,1.3,187.33,67.88,0.19,18.4,0,none,low,B,18.26,16.47,0.7
3.81,72.24,32.75,3064.0,2.4,161.54,52.62,0.275,17.59,0,none,low,B,18.95,10.69,1.48
4.25,81.37,28.2,2291.0,3.94,195.6,62.24,0.301,6.92,0,none,low,A,19.17,12.31,2.01
4.16,88.32,30.06,3397.0,3.72,174.51,60.95,0.113,12.11,0,none,low,B,21.23,8.85,2.13
3.4,90.93,45.53,1805.0,2.82,158.03,64.52,0.197,10.98,0,none,low,B,26.71,25.22,1.78
3.78,88.68,44.45,2536.0,4.29,190.93,45.66,0.12,9.59,0,none,low,A,23.49,17.53,2.25
0.57,111.04,65.59,1778.0,16.61,264.45,89.22,0.866,66.73,1,splice_failure,critical,F,193.36,36.89,6.28
2.9,105.75,83.58,1282.0,13.76,258.59,85.8,0.806,97.91,1,splice_failure,critical,D,36.43,65.21,5.32
3.82,93.37,60.26,2241.0,8.81,226.38,75.4,0.522,38.18,1,splice_wear,low,C,24.43,26.89,3.89
2.98,101.62,66.85,1690.0,17.3,252.01,75.0,0.628,92.41,1,splice_failure,high,F,34.14,39.57,6.86
3.65,88.58,35.91,3194.0,2.64,206.16,46.04,0.216,8.58,0,none,low,A,24.28,11.24,1.28
1.65,124.75,77.49,1961.0,16.3,255.42,89.27,0.768,60.62,1,splice_failure,high,D,75.5,39.52,6.38
4.95,88.72,40.72,3167.0,1.98,162.94,62.26,0.173,0.07,0,none,low,A,17.92,12.86,1.21
1.61,121.77,68.33,1944.0,9.62,294.87,90.55,0.735,88.69,1,tear,critical,F,75.52,35.14,3.26
5.25,70.1,36.01,1837.0,4.79,154.05,57.73,0.188,3.34,0,none,low,A,13.35,19.6,3.11
2.95,93.25,56.74,3319.0,5.09,214.51,67.76,0.4,55.95,1,abrasion,medium,C,31.64,17.09,2.37
4.75,91.09,41.09,3069.0,4.75,195.74,52.18,0.324,5.17,0,none,low,A,19.17,13.39,2.42
2.56,114.19,64.81,920.0,15.69,312.04,88.02,0.572,95.53,1,bearing_failure,critical,F,44.69,70.47,5.03
3.59,87.66,54.4,2254.0,5.4,211.45,64.59,0.383,47.58,0,edge_damage,low,C,24.45,24.14,2.55
5.18,85.72,44.07,2241.0,2.07,153.04,56.24,0.272,22.43,0,none,low,B,16.55,19.67,1.35
3.35,89.83,50.15,3851.0,5.71,258.12,69.09,0.437,31.11,0,edge_damage,low,C,26.84,13.02,2.21
3.66,71.66,39.43,2126.0,4.54,207.88,52.64,0.301,6.47,0,none,low,A,19.57,18.55,2.18
2.8,92.35,60.46,2133.0,5.94,221.52,60.17,0.529,44.6,1,splice_wear,medium,C,32.94,28.35,2.68
1.11,117.87,79.84,840.0,15.46,267.65,93.96,0.769,61.27,1,joint_rupture,critical,D,106.42,95.05,5.78
2.97,108.79,46.87,2875.0,5.12,220.81,72.58,0.327,56.09,1,splice_wear,medium,C,36.62,16.3,2.32
2.67,85.15,53.17,3260.0,6.66,250.2,72.9,0.405,50.7,1,edge_damage,medium,C,31.91,16.31,2.66
4.16,82.45,39.93,2101.0,4.34,201.61,58.29,0.134,11.92,0,none,low,B,19.83,19.0,2.15
4.23,93.05,38.57,1528.0,3.19,215.65,62.94,0.254,6.24,0,none,low,A,22.01,25.24,1.48
4.41,95.0,42.17,2889.0,3.46,178.36,63.7,0.248,24.87,0,none,low,B,21.54,14.6,1.94
3.17,87.06,29.03,2001.0,2.77,209.16,56.37,0.109,15.42,0,none,low,B,27.47,14.51,1.32
5.3,82.49,43.6,1938.0,4.8,207.68,65.79,0.11,11.19,0,none,low,B,15.55,22.5,2.31
3.24,80.27,48.73,2372.0,5.93,154.55,61.51,0.274,12.51,0,none,low,B,24.79,20.54,3.84
4.29,105.74,50.18,3803.0,7.15,248.85,67.0,0.555,47.28,0,splice_wear,low,C,24.64,13.19,2.87
4.03,74.26,28.48,1924.0,3.68,188.52,56.53,0.174,17.13,0,none,low,B,18.43,14.81,1.95
4.26,104.32,59.26,2555.0,5.0,251.92,74.8,0.337,38.09,0,abrasion,low,C,24.47,23.2,1.99
3.36,87.92,52.79,2030.0,9.49,231.62,75.3,0.318,32.96,0,splice_wear,medium,C,26.17,26.0,4.1
3.51,71.62,29.75,3020.0,3.22,208.09,60.69,0.141,3.57,0,none,low,A,20.4,9.85,1.55
1.45,102.32,60.3,1146.0,9.08,266.11,83.39,0.561,63.96,1,tear,critical,F,70.81,52.63,3.41
5.47,70.38,39.18,2532.0,2.32,203.04,66.73,0.235,18.74,0,none,low,B,12.88,15.47,1.14
4.18,71.25,44.32,2227.0,2.12,225.86,62.79,0.389,6.41,0,none,low,A,17.03,19.9,0.94
2.95,128.39,84.32,1942.0,9.07,301.88,80.44,0.853,97.26,0,tear,high,D,43.47,43.42,3.0
3.29,92.9,41.86,3186.0,5.49,185.84,46.12,0.156,1.66,0,none,low,A,28.2,13.14,2.95
4.03,72.95,31.67,2392.0,2.7,187.41,54.87,0.293,23.43,0,none,low,B,18.12,13.24,1.44
3.25,91.32,39.14,3033.0,2.08,216.31,66.25,0.291,2.65,0,none,low,A,28.11,12.91,0.96
2.38,101.1,79.97,966.0,11.0,290.4,80.3,0.831,83.11,0,bearing_failure,critical,F,42.53,82.83,3.79
4.35,100.1,51.95,3943.0,7.13,213.87,63.2,0.599,51.35,0,splice_wear,low,C,23.0,13.18,3.33
3.79,88.58,44.41,2500.0,1.23,156.16,63.14,0.347,16.96,0,none,low,B,23.35,17.76,0.78
2.74,104.51,69.69,1357.0,11.68,300.78,93.25,0.706,95.78,1,bearing_failure,high,D,38.11,51.36,3.88
5.28,92.08,49.36,2933.0,4.41,194.72,47.9,0.157,7.24,0,none,low,A,17.44,16.83,2.27
4.35,100.68,59.31,2220.0,6.35,257.51,64.79,0.389,31.92,0,edge_damage,medium,C,23.17,26.71,2.46
4.14,83.84,30.69,3104.0,4.92,151.73,53.82,0.121,19.8,0,none,low,B,20.26,9.89,3.24
1.09,113.69,64.61,1245.0,13.7,253.73,89.3,0.772,91.5,1,joint_rupture,critical,F,104.21,51.88,5.4
4.88,88.37,28.44,2875.0,3.25,191.93,57.92,0.32,20.78,0,none,low,B,18.1,9.89,1.69
4.41,79.34,31.03,3417.0,3.31,195.3,62.27,0.121,21.38,0,none,low,B,17.99,9.08,1.69
0.55,115.8,61.36,1461.0,15.47,258.53,88.9,0.725,90.84,1,tear,high,F,208.66,42.0,5.98
4.57,73.97,32.54,3484.0,4.77,226.96,51.8,0.149,12.58,0,none,low,B,16.2,9.34,2.1
3.44,88.33,35.96,1873.0,2.66,195.09,61.71,0.245,13.14,0,none,low,B,25.7,19.2,1.36
5.29,93.22,43.04,1535.0,3.69,200.34,67.88,0.399,21.44,0,none,low,B,17.63,28.03,1.84
5.38,85.32,45.62,2314.0,2.6,187.06,48.38,0.207,21.44,0,none,low,B,15.85,19.71,1.39
3.38,73.13,36.87,3494.0,1.87,161.64,66.05,0.365,0.81,0,none,low,A,21.65,10.55,1.15
2.42,114.84,84.78,853.0,11.11,277.76,84.0,0.961,81.28,0,splice_failure,critical,D,47.47,99.44,4.0
2.86,102.15,51.87,2843.0,9.03,254.22,74.23,0.37,59.3,0,splice_wear,low,C,35.69,18.25,3.55
4.81,72.08,41.95,3216.0,2.31,205.45,54.2,0.224,7.02,0,none,low,A,14.98,13.04,1.12
3.9,90.77,49.18,3370.0,1.82,151.14,55.08,0.319,24.44,0,none,low,B,23.26,14.59,1.2
0.57,124.77,64.43,867.0,16.65,289.64,77.57,0.693,63.25,1,tear,critical,D,220.48,74.34,5.75
3.19,77.16,29.94,3219.0,3.96,222.17,60.83,0.391,12.75,0,none,low,B,24.2,9.3,1.78
4.44,82.11,46.61,2789.0,5.01,212.91,49.39,0.295,4.99,0,none,low,A,18.49,16.71,2.35
4.69,94.93,28.67,1682.0,1.39,181.87,63.9,0.353,18.42,0,none,low,B,20.23,17.04,0.76
2.68,86.74,62.04,3461.0,8.49,220.38,66.84,0.587,27.23,1,abrasion,low,C,32.41,17.93,3.85
4.86,78.27,43.89,2915.0,3.67,212.19,58.36,0.186,18.35,0,none,low,B,16.12,15.05,1.73
3.03,92.54,40.0,3237.0,5.41,185.6,56.68,0.225,11.24,0,none,low,B,30.52,12.36,2.92
0.82,118.31,84.9,1515.0,16.07,303.83,82.01,0.686,87.51,1,tear,high,F,144.93,56.05,5.29
4.2,74.44,47.28,2552.0,5.33,171.0,48.96,0.105,2.35,0,none,low,A,17.74,18.53,3.12
3.2,92.42,48.05,3375.0,5.8,189.35,57.19,0.139,3.43,0,none,low,A,28.91,14.24,3.06
2.46,125.04,66.91,1359.0,13.13,319.67,93.98,0.799,65.24,1,tear,high,D,50.79,49.23,4.11
4.78,92.12,39.31,2662.0,1.81,167.65,50.41,0.229,23.2,0,none,low,B,19.29,14.76,1.08
3.48,76.65,36.45,2747.0,3.2,181.4,57.99,0.173,1.97,0,none,low,A,22.02,13.27,1.76
3.63,72.29,35.4,3046.0,4.58,198.87,64.61,0.185,22.13,0,none,low,B,19.92,11.62,2.3
4.0,80.13,30.16,3451.0,1.69,177.27,52.34,0.122,3.81,0,none,low,A,20.02,8.74,0.95
3.73,91.67,35.47,1747.0,4.23,229.73,50.34,0.184,24.3,0,none,low,B,24.57,20.3,1.84
4.28,75.99,48.51,3463.0,5.07,175.18,54.28,0.173,22.27,0,none,low,B,17.76,14.01,2.9
3.81,89.97,53.7,3263.0,6.93,221.46,60.02,0.541,56.13,1,abrasion,medium,C,23.59,16.46,3.13
3.67,94.98,40.97,2862.0,4.41,217.62,45.22,0.166,16.64,0,none,low,B,25.86,14.32,2.03
1.53,110.85,78.45,1689.0,14.46,270.4,93.5,0.776,90.04,1,joint_rupture,critical,D,72.27,46.43,5.35
4.79,72.41,29.54,1821.0,3.14,158.81,55.27,0.268,0.01,0,none,low,A,15.12,16.22,1.97
3.94,71.33,30.94,1964.0,3.15,207.19,48.05,0.321,21.38,0,none,low,B,18.11,15.76,1.52
3.11,81.02,42.52,3457.0,5.76,181.66,59.17,0.367,20.78,0,none,low,B,26.06,12.3,3.17
3.65,73.43,38.74,2946.0,5.85,218.95,49.7,0.316,7.23,0,none,low,A,20.1,13.15,2.67
4.66,76.81,33.16,1708.0,1.25,218.68,46.15,0.127,5.97,0,none,low,A,16.47,19.41,0.57
2.88,106.47,51.38,2667.0,8.69,215.1,76.14,0.468,43.82,0,splice_wear,low,C,36.92,19.27,4.04
4.82,87.33,32.5,1617.0,3.73,206.02,67.96,0.208,22.41,0,none,low,B,18.14,20.1,1.81
4.72,84.96,29.17,1657.0,1.1,179.67,62.15,0.152,15.15,0,none,low,B,17.99,17.6,0.61
4.99,89.96,45.06,2550.0,2.42,214.76,49.28,0.187,4.6,0,none,low,A,18.02,17.67,1.13
4.72,86.31,37.14,1700.0,5.56,190.62,54.36,0.277,4.82,0,none,low,A,18.3,21.84,2.91
4.01,75.68,33.37,3285.0,3.65,188.68,60.86,0.385,2.8,0,none,low,A,18.86,10.16,1.94
0.87,108.91,72.06,1629.0,11.18,287.44,88.69,0.724,92.79,1,bearing_failure,critical,F,125.85,44.22,3.89
3.93,89.48,38.77,3270.0,3.95,169.25,58.07,0.101,7.81,0,none,low,A,22.75,11.86,2.33
4.64,73.4,34.38,2163.0,1.02,153.74,52.16,0.167,2.92,0,none,low,A,15.83,15.9,0.66
5.09,87.08,38.65,3318.0,1.15,177.59,63.94,0.288,24.54,0,none,low,B,17.11,11.65,0.65
4.44,113.37,52.47,3966.0,5.18,239.65,64.79,0.339,45.21,0,splice_wear,medium,C,25.51,13.23,2.16
3.98,74.55,41.23,3158.0,4.0,198.84,56.77,0.216,11.44,0,none,low,B,18.72,13.05,2.01
1.58,113.72,72.49,1591.0,13.19,298.03,81.58,0.705,92.83,1,joint_rupture,high,D,72.14,45.56,4.43
4.92,86.65,38.97,2436.0,3.49,184.96,54.04,0.25,13.21,0,none,low,B,17.61,16.0,1.89
4.78,79.44,37.1,2247.0,3.68,186.27,65.46,0.309,22.47,0,none,low,B,16.63,16.51,1.98
2.09,128.91,63.95,863.0,14.21,318.84,83.35,0.606,79.82,1,tear,high,F,61.7,74.11,4.46
4.69,77.39,35.72,2371.0,1.02,189.37,50.88,0.117,22.78,0,none,low,B,16.51,15.07,0.54
4.07,90.68,31.67,3201.0,2.21,197.12,60.77,0.372,15.19,0,none,low,B,22.31,9.89,1.12
4.43,75.05,43.16,1874.0,3.79,201.81,65.67,0.235,19.38,0,none,low,B,16.94,23.03,1.88
3.39,83.12,41.12,2765.0,4.73,173.59,59.32,0.156,5.47,0,none,low,A,24.52,14.87,2.72
4.87,82.67,33.24,2612.0,2.77,216.98,57.15,0.109,24.63,0,none,low,B,16.99,12.72,1.28
4.74,80.93,33.48,2853.0,1.63,218.66,50.76,0.208,15.82,0,none,low,B,17.07,11.74,0.75
4.18,92.36,42.97,2276.0,4.3,224.93,49.32,0.26,5.87,0,none,low,A,22.08,18.88,1.91
2.5,128.29,65.81,858.0,11.62,277.94,87.5,0.899,73.29,1,tear,critical,F,51.26,76.66,4.18
2.82,87.13,45.2,2612.0,6.96,214.46,61.16,0.459,34.57,1,splice_wear,low,C,30.95,17.3,3.25
2.29,122.01,83.34,1051.0,17.95,304.14,89.53,0.681,80.74,1,bearing_failure,critical,D,53.27,79.3,5.9
5.12,85.54,31.95,1922.0,1.03,206.85,56.17,0.385,17.85,0,none,low,B,16.71,16.62,0.5
3.4,82.54,48.35,1995.0,5.13,174.98,51.21,0.37,1.18,0,none,low,A,24.25,24.24,2.93
3.11,90.02,46.25,3287.0,1.93,159.96,56.58,0.181,15.16,0,none,low,B,28.96,14.07,1.21
3.36,88.48,45.68,3426.0,2.98,177.02,49.42,0.154,8.03,0,none,low,A,26.32,13.33,1.68
3.02,87.58,50.47,2185.0,7.54,226.3,63.13,0.352,46.91,0,splice_wear,low,C,29.01,23.1,3.33
3.68,111.56,53.04,3641.0,9.57,210.44,76.06,0.336,34.63,1,edge_damage,medium,C,30.3,14.57,4.55
2.84,87.76,56.51,3956.0,9.11,226.15,69.66,0.384,30.71,0,edge_damage,medium,C,30.95,14.28,4.03
4.76,73.38,41.15,3098.0,3.98,190.92,64.28,0.396,4.53,0,none,low,A,15.43,13.28,2.08
3.2,71.07,34.18,3442.0,3.76,171.46,48.05,0.376,9.06,0,none,low,A,22.2,9.93,2.19
5.14,85.11,31.71,2343.0,5.64,222.1,46.61,0.181,3.86,0,none,low,A,16.54,13.53,2.54
4.87,77.39,44.68,2837.0,4.64,225.86,54.77,0.203,17.1,0,none,low,B,15.87,15.75,2.05
4.19,86.74,45.13,2317.0,9.89,231.41,60.84,0.599,51.07,1,splice_wear,medium,C,20.68,19.48,4.28
4.29,89.3,42.03,2762.0,4.79,168.16,60.21,0.218,1.74,0,none,low,A,20.83,15.22,2.85
4.99,92.4,34.22,1881.0,1.13,225.82,60.73,0.387,21.6,0,none,low,B,18.54,18.2,0.5
3.28,82.48,28.59,1800.0,2.17,203.25,56.73,0.191,14.12,0,none,low,B,25.13,15.88,1.07
4.89,87.8,32.76,2713.0,3.52,154.87,51.4,0.4,2.49,0,none,low,A,17.96,12.08,2.27
5.12,77.52,33.74,3282.0,2.52,202.12,62.03,0.337,24.87,0,none,low,B,15.13,10.28,1.25
2.74,127.17,84.33,1732.0,10.75,299.69,76.5,0.659,64.4,1,bearing_failure,high,F,46.44,48.7,3.59
4.04,84.86,37.24,1806.0,3.35,205.27,63.38,0.248,4.13,0,none,low,A,21.01,20.62,1.63
4.97,80.32,43.32,2514.0,2.21,213.69,46.94,0.257,5.22,0,none,low,A,16.18,17.23,1.03
4.26,82.49,43.55,2990.0,4.64,182.76,59.53,0.273,10.54,0,none,low,B,19.38,14.57,2.54
5.37,74.82,47.93,1607.0,2.54,173.05,59.41,0.139,22.06,0,none,low,B,13.94,29.83,1.47
1.65,127.99,80.77,1399.0,15.32,289.69,86.76,0.665,77.56,0,splice_failure,critical,F,77.76,57.73,5.29
5.27,73.33,47.61,2284.0,3.8,192.26,59.17,0.383,23.78,0,none,low,B,13.92,20.84,1.97
3.17,99.63,63.11,3042.0,9.89,259.03,70.77,0.563,59.97,1,edge_damage,medium,C,31.46,20.75,3.82
3.77,91.5,47.32,3786.0,8.2,214.61,66.96,0.592,55.18,0,splice_wear,medium,C,24.27,12.5,3.82
3.62,77.52,41.5,3391.0,4.37,212.63,53.44,0.182,11.36,0,none,low,B,21.41,12.24,2.06
4.19,114.66,46.44,2091.0,5.75,223.06,62.36,0.561,25.81,0,splice_wear,medium,C,27.34,22.21,2.58
2.78,129.17,72.43,1081.0,10.74,265.6,89.17,0.52,61.95,1,bearing_failure,high,F,46.46,66.99,4.04
4.03,91.41,44.93,1984.0,5.92,222.26,57.16,0.259,22.53,0,none,low,B,22.66,22.65,2.67
4.34,88.73,33.17,3257.0,3.66,198.28,47.07,0.193,10.67,0,none,low,B,20.44,10.19,1.84
4.95,77.06,32.01,2665.0,4.08,159.73,45.06,0.375,1.99,0,none,low,A,15.58,12.01,2.55
3.81,90.57,61.48,2360.0,6.93,214.28,75.08,0.558,38.02,0,splice_wear,medium,C,23.8,26.05,3.24
1.24,108.56,79.82,1925.0,16.01,292.39,79.85,0.763,68.87,1,bearing_failure,high,D,87.68,41.46,5.48
3.55,87.46,46.77,2765.0,2.27,218.93,56.74,0.214,15.12,0,none,low,B,24.61,16.92,1.04
2.8,118.84,81.96,1504.0,11.97,287.26,76.73,0.615,89.12,1,tear,critical,F,42.43,54.49,4.17
3.03,95.08,61.87,2055.0,6.15,254.3,71.52,0.368,32.67,1,splice_wear,low,C,31.39,30.11,2.42
4.05,90.86,44.96,3128.0,3.59,222.92,52.5,0.147,17.72,0,none,low,B,22.43,14.37,1.61
5.14,72.03,46.56,2087.0,4.27,153.21,59.02,0.315,9.22,0,none,low,A,14.02,22.31,2.79
4.34,90.83,35.12,2005.0,2.39,225.93,53.26,0.101,19.54,0,none,low,B,20.91,17.52,1.06
3.32,94.62,41.38,2502.0,2.91,221.89,50.61,0.186,3.06,0,none,low,A,28.49,16.54,1.31
2.02,106.55,76.28,1719.0,12.22,306.09,81.98,0.879,61.28,1,tear,critical,F,52.68,44.39,3.99
0.87,121.72,61.88,1518.0,10.61,260.2,75.08,0.97,91.51,0,tear,critical,D,140.69,40.76,4.08
1.65,124.79,70.58,1103.0,17.85,271.27,81.47,0.995,65.09,1,joint_rupture,critical,F,75.59,64.0,6.58
3.32,78.62,42.81,2044.0,1.03,177.08,55.42,0.27,17.1,0,none,low,B,23.71,20.94,0.58
4.17,76.66,48.86,2220.0,1.5,153.32,51.1,0.154,16.24,0,none,low,B,18.36,22.01,0.98
3.66,106.91,52.97,2133.0,6.15,252.98,74.84,0.326,32.84,1,abrasion,low,C,29.25,24.84,2.43
5.36,87.73,37.28,2353.0,5.59,196.11,61.25,0.225,5.59,0,none,low,A,16.36,15.84,2.85
1.75,118.72,65.21,1753.0,17.53,312.38,81.43,0.703,90.72,1,joint_rupture,critical,F,67.71,37.2,5.61
4.03,85.84,46.78,2433.0,5.32,157.5,60.02,0.2,9.67,0,none,low,A,21.28,19.22,3.38
4.2,79.54,34.78,2737.0,3.53,175.86,49.71,0.332,19.99,0,none,low,B,18.94,12.71,2.01
3.65,75.98,47.46,3048.0,1.37,216.61,45.85,0.176,22.97,0,none,low,B,20.79,15.57,0.63
1.64,109.64,82.04,1588.0,11.66,282.42,92.63,0.952,85.05,1,tear,critical,F,66.7,51.65,4.13
3.34,79.61,30.55,1900.0,1.26,185.06,63.55,0.276,15.16,0,none,low,B,23.84,16.07,0.68
3.86,91.13,29.93,3216.0,3.42,216.97,52.31,0.202,18.79,0,none,low,B,23.61,9.31,1.58
4.45,87.53,46.37,3191.0,8.61,257.65,67.29,0.308,46.1,0,edge_damage,low,C,19.69,14.53,3.34
3.16,82.15,37.38,2925.0,4.23,164.82,49.74,0.175,4.47,0,none,low,A,25.99,12.78,2.57
5.49,86.3,41.35,2320.0,2.56,222.89,67.29,0.249,7.26,0,none,low,A,15.73,17.82,1.15
4.03,109.57,47.5,3954.0,9.93,256.2,68.93,0.374,45.37,0,edge_damage,medium,C,27.18,12.01,3.87
4.66,71.77,35.34,1536.0,4.75,201.26,46.44,0.389,0.57,0,none,low,A,15.4,23.01,2.36
4.94,89.7,28.75,3313.0,5.59,194.91,56.09,0.113,14.05,0,none,low,B,18.15,8.68,2.87
4.93,80.1,43.04,1703.0,1.66,161.18,46.05,0.262,19.85,0,none,low,B,16.24,25.28,1.03
4.44,87.02,35.47,2224.0,2.57,206.97,48.72,0.104,14.9,0,none,low,B,19.61,15.95,1.24
2.46,120.18,72.44,1662.0,16.42,265.73,81.72,0.612,77.18,1,joint_rupture,high,D,48.91,43.58,6.18
4.21,88.55,32.24,3042.0,1.83,213.94,55.79,0.305,22.94,0,none,low,B,21.04,10.6,0.86
3.58,91.68,31.56,2763.0,5.62,203.95,49.5,0.146,6.31,0,none,low,A,25.59,11.42,2.75
3.4,89.95,35.85,3372.0,5.21,222.71,51.77,0.272,8.04,0,none,low,A,26.47,10.63,2.34
4.52,90.45,30.06,2052.0,2.03,213.87,66.47,0.124,9.48,0,none,low,A,20.02,14.65,0.95
3.93,88.02,53.89,3007.0,8.79,217.33,64.76,0.391,44.45,1,abrasion,low,C,22.42,17.92,4.04
5.2,72.38,37.14,3031.0,1.41,153.23,52.59,0.319,13.04,0,none,low,B,13.93,12.25,0.92
5.03,89.17,45.29,2419.0,1.1,163.77,62.05,0.326,24.31,0,none,low,B,17.72,18.72,0.67
3.31,73.47,32.07,2557.0,5.88,197.15,57.02,0.302,1.85,0,none,low,A,22.21,12.54,2.98
0.93,118.92,74.91,878.0,11.4,277.37,79.9,0.622,81.77,1,bearing_failure,critical,D,128.15,85.33,4.11
4.31,82.73,34.96,3160.0,3.73,176.58,66.79,0.354,24.56,0,none,low,B,19.2,11.06,2.11
3.95,77.02,42.59,3462.0,4.13,220.53,52.57,0.222,22.66,0,none,low,B,19.52,12.3,1.87
2.44,113.46,73.28,1881.0,13.96,267.88,83.71,0.758,63.68,1,splice_failure,high,D,46.56,38.96,5.21
3.0,85.4,49.94,2084.0,4.15,150.37,58.9,0.234,13.26,0,none,low,B,28.43,23.96,2.76
3.44,89.25,40.22,2040.0,5.69,151.02,61.7,0.214,13.06,0,none,low,B,25.93,19.71,3.77
3.8,70.38,44.06,2922.0,4.27,220.24,65.73,0.267,17.12,0,none,low,B,18.51,15.08,1.94
5.12,90.41,28.45,2586.0,5.53,164.51,53.11,0.199,8.9,0,none,low,A,17.67,11.0,3.36
3.7,77.37,47.05,2204.0,3.24,180.46,47.78,0.397,20.65,0,none,low,B,20.93,21.34,1.79
4.19,86.23,35.18,1601.0,3.02,228.72,49.19,0.258,0.21,0,none,low,A,20.58,21.98,1.32
4.47,77.44,47.93,2312.0,2.04,193.65,63.28,0.106,12.64,0,none,low,B,17.33,20.73,1.05
4.31,92.94,48.41,3179.0,5.88,240.78,68.82,0.333,56.94,0,abrasion,medium,C,21.58,15.23,2.44
3.34,87.69,45.9,1752.0,3.47,188.79,53.05,0.337,2.49,0,none,low,A,26.28,26.2,1.84
3.0,79.32,34.41,3234.0,4.73,156.76,62.04,0.303,7.04,0,none,low,A,26.41,10.64,3.02
3.29,76.25,45.97,2431.0,5.59,213.13,51.6,0.354,2.92,0,none,low,A,23.19,18.91,2.62
4.52,78.54,35.25,2874.0,5.25,175.77,52.48,0.26,16.33,0,none,low,B,17.37,12.26,2.99
5.28,86.36,41.75,3308.0,5.54,160.84,48.34,0.329,23.92,0,none,low,B,16.35,12.62,3.44
4.03,87.09,33.03,3496.0,3.16,224.53,54.91,0.378,8.39,0,none,low,A,21.62,9.45,1.41
2.11,120.33,62.57,1369.0,16.98,266.86,90.77,0.838,68.47,1,bearing_failure,high,F,56.89,45.7,6.36
3.81,93.31,34.69,3380.0,2.25,175.16,59.45,0.328,12.53,0,none,low,B,24.47,10.26,1.28
4.34,90.89,62.68,2802.0,9.16,240.3,63.17,0.575,33.59,0,edge_damage,medium,C,20.92,22.37,3.81
4.26,90.76,31.24,2595.0,4.56,218.85,66.52,0.335,16.32,0,none,low,B,21.31,12.04,2.08
3.28,87.74,49.84,2974.0,1.08,189.7,59.14,0.307,17.99,0,none,low,B,26.75,16.76,0.57
3.56,93.56,43.33,1974.0,2.61,223.75,65.41,0.222,0.96,0,none,low,A,26.29,21.95,1.17
3.71,85.73,40.85,2768.0,4.59,151.52,47.42,0.208,3.87,0,none,low,A,23.11,14.76,3.03
4.6,90.38,44.56,3134.0,4.33,208.83,51.25,0.398,4.58,0,none,low,A,19.64,14.22,2.07
3.72,94.38,49.74,3090.0,4.15,191.61,67.32,0.309,23.62,0,none,low,B,25.36,16.1,2.16
3.83,91.37,31.3,3392.0,3.54,224.11,52.75,0.315,12.07,0,none,low,B,23.83,9.23,1.58
4.26,94.18,43.23,2003.0,5.55,173.52,53.55,0.131,22.5,0,none,low,B,22.1,21.58,3.2
3.65,93.01,45.72,1782.0,4.85,223.04,46.81,0.348,13.69,0,none,low,B,25.5,25.66,2.17
4.23,87.45,28.75,3025.0,1.17,186.42,48.47,0.347,7.84,0,none,low,A,20.66,9.5,0.63
4.07,89.31,38.59,3078.0,1.37,165.33,57.69,0.384,1.87,0,none,low,A,21.93,12.54,0.83
3.39,86.03,36.78,3151.0,1.36,165.71,51.9,0.288,17.13,0,none,low,B,25.37,11.67,0.82
5.36,78.53,43.69,2548.0,2.11,217.7,63.82,0.219,14.72,0,none,low,B,14.65,17.14,0.97
4.72,77.73,46.57,1935.0,1.07,171.48,49.39,0.252,5.09,0,none,low,A,16.45,24.07,0.63
3.91,102.35,64.72,4000.0,9.35,245.6,66.96,0.526,58.48,0,splice_wear,low,C,26.15,16.18,3.81
4.39,81.66,40.67,2602.0,5.8,194.17,64.46,0.196,10.95,0,none,low,B,18.58,15.63,2.99
3.7,79.49,41.17,2660.0,4.18,178.15,52.26,0.283,3.32,0,none,low,A,21.5,15.47,2.35
3.11,71.82,33.35,1539.0,2.23,202.4,46.41,0.231,22.83,0,none,low,B,23.13,21.67,1.1
4.35,94.89,46.45,3988.0,9.35,227.96,71.99,0.501,31.81,0,splice_wear,low,C,21.82,11.65,4.1
2.01,106.28,78.47,1290.0,13.6,312.83,84.16,0.813,96.55,1,bearing_failure,critical,D,52.85,60.85,4.35
4.34,92.82,28.34,2785.0,1.37,150.52,48.47,0.227,20.06,0,none,low,B,21.4,10.18,0.91
4.56,80.28,33.16,2528.0,4.99,216.6,64.47,0.202,19.84,0,none,low,B,17.59,13.11,2.3
4.85,93.71,28.3,2381.0,4.24,206.14,49.05,0.392,15.38,0,none,low,B,19.34,11.89,2.06
3.05,89.58,29.75,1782.0,3.87,198.28,60.8,0.218,19.35,0,none,low,B,29.36,16.7,1.95
3.91,112.85,58.73,3362.0,6.12,232.11,70.13,0.51,59.89,0,edge_damage,medium,C,28.89,17.47,2.64
4.86,73.41,41.69,2149.0,3.29,167.25,64.92,0.276,23.61,0,none,low,B,15.11,19.4,1.97
3.31,74.27,49.76,2951.0,1.25,206.3,54.48,0.192,3.85,0,none,low,A,22.44,16.86,0.6
3.08,94.19,48.22,3016.0,5.06,218.06,76.81,0.393,37.62,0,edge_damage,low,C,30.58,15.99,2.32
4.24,107.73,59.45,2174.0,5.11,235.64,75.54,0.475,32.46,0,splice_wear,low,C,25.39,27.35,2.17
2.56,97.25,56.65,3412.0,9.05,236.63,62.0,0.505,59.45,1,splice_wear,medium,C,38.04,16.6,3.82
4.88,91.28,42.92,2001.0,5.77,186.07,47.99,0.133,16.19,0,none,low,B,18.72,21.45,3.1
3.24,88.51,45.59,2951.0,2.01,205.18,45.25,0.192,9.97,0,none,low,A,27.35,15.45,0.98
2.52,95.57,54.98,3898.0,9.71,210.85,63.33,0.349,52.61,0,abrasion,low,C,37.89,14.1,4.6
3.62,72.31,35.92,2048.0,3.56,228.34,47.86,0.212,23.3,0,none,low,B,19.98,17.53,1.56
3.9,87.64,59.25,3946.0,7.69,229.91,63.37,0.49,45.67,0,abrasion,low,C,22.48,15.02,3.34
4.49,75.19,32.58,2052.0,4.56,198.5,64.45,0.189,22.8,0,none,low,B,16.76,15.88,2.3
2.69,92.71,64.14,2621.0,6.65,211.38,74.52,0.383,36.56,0,splice_wear,low,C,34.46,24.47,3.15
3.72,73.22,44.56,1593.0,1.75,158.42,63.98,0.113,16.62,0,none,low,B,19.69,27.98,1.11
4.97,92.82,38.71,3109.0,4.53,213.65,62.64,0.162,12.49,0,none,low,B,18.69,12.45,2.12
4.44,102.49,54.23,3316.0,9.08,223.65,60.59,0.513,58.47,0,edge_damage,low,C,23.08,16.36,4.06
3.6,89.76,50.66,2614.0,6.1,247.54,65.98,0.404,40.86,1,edge_damage,medium,C,24.95,19.38,2.46
3.1,84.16,47.52,2147.0,2.24,209.86,58.85,0.27,3.73,0,none,low,A,27.16,22.14,1.07
3.7,75.17,49.37,1537.0,4.13,191.41,52.43,0.366,16.75,0,none,low,B,20.29,32.12,2.16
2.68,89.18,50.39,2834.0,9.31,217.02,76.47,0.439,47.65,0,edge_damage,medium,C,33.33,17.78,4.29
4.05,102.43,62.22,3436.0,6.41,234.47,60.24,0.443,28.01,0,edge_damage,low,C,25.3,18.11,2.73
2.78,100.67,75.94,1168.0,12.89,311.12,94.6,0.623,96.03,1,tear,high,D,36.17,65.0,4.14
2.83,110.41,82.52,1190.0,15.6,301.55,75.37,0.681,60.74,1,tear,high,F,38.95,69.33,5.17
3.56,80.61,29.59,1925.0,1.75,226.11,49.41,0.359,2.87,0,none,low,A,22.66,15.37,0.77
2.62,126.02,74.91,1901.0,14.27,299.88,83.32,0.957,91.32,0,joint_rupture,high,D,48.02,39.4,4.76
4.24,77.51,47.9,1681.0,5.35,180.14,65.25,0.319,2.6,0,none,low,A,18.28,28.5,2.97
0.58,104.01,75.89,1595.0,15.72,300.42,88.19,0.883,81.85,1,bearing_failure,high,F,179.1,47.58,5.23
3.99,95.34,59.96,3815.0,9.91,221.59,66.62,0.594,55.15,0,abrasion,medium,C,23.88,15.72,4.47
3.49,72.18,43.79,3289.0,5.68,199.44,46.21,0.322,2.75,0,none,low,A,20.65,13.31,2.85
4.95,88.15,48.94,2976.0,4.47,170.94,66.27,0.154,22.62,0,none,low,B,17.81,16.44,2.61
3.33,90.67,28.05,3164.0,2.31,220.78,60.9,0.3,9.13,0,none,low,A,27.26,8.87,1.05
5.08,74.27,36.19,2701.0,3.41,165.89,48.23,0.137,21.58,0,none,low,B,14.63,13.4,2.06
5.44,74.96,30.43,2654.0,1.4,198.2,64.56,0.114,20.0,0,none,low,B,13.77,11.46,0.71
3.4,74.4,48.21,1721.0,5.33,193.54,45.9,0.239,20.44,0,none,low,B,21.89,28.01,2.76
4.22,88.61,63.2,3693.0,8.54,249.07,69.79,0.503,44.62,0,abrasion,medium,C,21.0,17.11,3.43
4.1,77.02,30.7,2144.0,5.26,180.49,62.2,0.153,10.61,0,none,low,B,18.78,14.32,2.91
3.35,85.44,41.36,1927.0,3.37,219.06,49.01,0.106,16.3,0,none,low,B,25.53,21.47,1.54
5.45,85.24,38.35,2360.0,3.87,157.25,66.39,0.288,4.6,0,none,low,A,15.64,16.25,2.46
3.33,70.44,41.87,2797.0,3.92,164.68,58.88,0.117,15.23,0,none,low,B,21.13,14.97,2.38
4.64,92.39,46.71,3461.0,5.88,211.79,67.0,0.36,18.19,0,none,low,B,19.92,13.49,2.78
3.12,90.94,38.77,3129.0,2.56,181.81,61.1,0.375,2.19,0,none,low,A,29.12,12.39,1.41
1.29,110.66,61.16,819.0,13.29,256.69,78.88,0.923,81.7,1,joint_rupture,high,D,85.86,74.69,5.18
3.02,85.7,45.83,2682.0,3.12,196.71,59.25,0.292,24.18,0,none,low,B,28.4,17.09,1.59
4.56,74.7,32.62,2839.0,5.58,162.72,67.14,0.196,9.78,0,none,low,A,16.39,11.49,3.43
4.54,84.91,37.73,2452.0,4.11,196.68,53.61,0.365,16.69,0,none,low,B,18.7,15.39,2.09
3.8,89.7,30.3,3000.0,2.79,194.14,51.45,0.396,22.65,0,none,low,B,23.61,10.1,1.44
4.18,101.06,59.16,2435.0,8.56,254.86,64.81,0.37,28.65,0,splice_wear,medium,C,24.16,24.29,3.36
3.74,99.39,50.77,3021.0,5.84,238.37,62.08,0.519,31.22,1,abrasion,low,C,26.56,16.81,2.45
4.92,79.52,44.61,1537.0,1.68,179.2,47.5,0.28,1.27,0,none,low,A,16.17,29.03,0.94
1.04,114.51,71.3,1670.0,12.61,252.31,80.47,0.733,97.03,1,splice_failure,critical,D,110.04,42.7,5.0
4.3,83.62,35.29,1850.0,4.84,182.0,56.63,0.293,22.74,0,none,low,B,19.44,19.07,2.66
4.18,114.68,54.45,3939.0,7.74,227.58,65.97,0.497,33.04,0,edge_damage,low,C,27.45,13.82,3.4
5.26,91.42,37.0,1544.0,4.18,209.3,51.77,0.243,24.8,0,none,low,B,17.39,23.96,2.0
3.88,85.69,31.96,1899.0,5.62,169.14,52.15,0.263,22.49,0,none,low,B,22.1,16.83,3.33
3.89,100.12,54.51,3383.0,5.98,258.89,71.62,0.41,46.01,0,edge_damage,low,C,25.76,16.11,2.31
3.85,88.69,45.78,2006.0,3.7,192.28,54.69,0.169,17.58,0,none,low,B,23.02,22.82,1.92
5.28,83.21,47.15,2081.0,5.04,159.09,62.64,0.216,11.75,0,none,low,B,15.77,22.65,3.17
3.05,86.65,40.93,2745.0,2.28,169.14,64.1,0.328,8.42,0,none,low,A,28.44,14.91,1.35
5.07,92.22,28.13,3127.0,2.75,207.47,53.54,0.282,16.17,0,none,low,B,18.19,9.0,1.33
4.28,88.16,38.48,1528.0,1.06,202.9,64.49,0.336,7.76,0,none,low,A,20.59,25.18,0.52
3.59,94.73,33.73,2333.0,4.41,220.08,46.18,0.19,14.22,0,none,low,B,26.42,14.46,2.0
3.18,86.6,39.62,3155.0,2.11,165.6,63.25,0.311,19.79,0,none,low,B,27.28,12.56,1.27
3.06,92.8,63.69,2975.0,5.56,217.37,75.69,0.554,56.51,0,splice_wear,medium,C,30.36,21.41,2.56
3.45,70.55,32.92,2709.0,5.52,160.67,66.11,0.204,10.67,0,none,low,B,20.44,12.15,3.44
4.02,76.48,43.37,3016.0,5.12,177.3,62.59,0.291,23.95,0,none,low,B,19.02,14.38,2.89
5.48,88.51,45.08,1551.0,3.49,192.27,45.93,0.194,23.89,0,none,low,B,16.15,29.06,1.81
3.47,82.83,28.74,2532.0,3.97,178.62,62.54,0.141,21.95,0,none,low,B,23.89,11.35,2.22
4.19,100.18,54.23,2477.0,7.24,257.03,63.79,0.354,33.47,0,abrasion,low,C,23.94,21.89,2.82
3.61,81.01,36.59,1593.0,3.55,160.08,64.37,0.265,21.12,0,none,low,B,22.45,22.97,2.22
0.75,128.34,79.89,1733.0,9.81,262.57,94.5,0.607,66.42,1,tear,high,D,170.88,46.1,3.74
3.48,87.68,59.93,3695.0,5.54,248.99,73.89,0.404,49.16,0,edge_damage,medium,C,25.2,16.22,2.23
5.31,79.48,29.33,2336.0,4.34,197.49,51.41,0.306,15.77,0,none,low,B,14.96,12.56,2.2
3.41,83.68,42.51,3424.0,3.11,211.2,47.68,0.367,15.83,0,none,low,B,24.57,12.42,1.47
3.36,70.99,43.43,1734.0,1.63,165.0,47.25,0.288,10.55,0,none,low,B,21.15,25.05,0.99
4.1,91.1,48.4,2475.0,3.83,170.58,56.81,0.324,12.3,0,none,low,B,22.21,19.55,2.25
4.46,93.67,47.54,3038.0,2.38,169.32,64.29,0.154,15.14,0,none,low,B,21.02,15.64,1.41
4.17,81.36,47.8,1674.0,4.91,216.8,66.69,0.236,12.5,0,none,low,B,19.51,28.55,2.27
3.51,94.97,45.63,2866.0,8.28,241.4,60.12,0.54,42.23,0,splice_wear,low,C,27.08,15.92,3.43
4.21,90.06,34.52,1694.0,3.6,192.3,63.33,0.39,1.38,0,none,low,A,21.37,20.38,1.87
4.7,94.65,48.74,2925.0,3.61,162.92,53.84,0.276,18.13,0,none,low,B,20.12,16.66,2.22
4.79,80.73,44.01,1787.0,1.81,163.03,65.49,0.123,20.04,0,none,low,B,16.87,24.62,1.11
